team_initials,team_city,year,coach1,coach2
ARI,Arizona,2014,Bruce Arians,Harold Goodwin
ARI,Arizona,2014,Bruce Arians,Todd Bowles
ARI,Arizona,2014,Harold Goodwin,Todd Bowles
ARI,Arizona,2013,Bruce Arians,Harold Goodwin
ARI,Arizona,2013,Bruce Arians,Todd Bowles
ARI,Arizona,2013,Harold Goodwin,Todd Bowles
ARI,Arizona,2012,Ken Whisenhunt,Mike Miller
ARI,Arizona,2012,Ken Whisenhunt,Ray Horton
ARI,Arizona,2012,Mike Miller,Ray Horton
ARI,Arizona,2011,Ken Whisenhunt,Mike Miller
ARI,Arizona,2011,Ken Whisenhunt,Ray Horton
ARI,Arizona,2011,Mike Miller,Ray Horton
ARI,Arizona,2010,Ken Whisenhunt,Bill Davis
ARI,Arizona,2009,Ken Whisenhunt,Bill Davis
ARI,Arizona,2008,Ken Whisenhunt,Clancy Pendergast
ARI,Arizona,2008,Ken Whisenhunt,Todd Haley
ARI,Arizona,2008,Todd Haley,Clancy Pendergast
ARI,Arizona,2007,Ken Whisenhunt,Clancy Pendergast
ARI,Arizona,2007,Ken Whisenhunt,Todd Haley
ARI,Arizona,2007,Todd Haley,Clancy Pendergast
ARI,Arizona,2006,Dennis Green,Clancy Pendergast
ARI,Arizona,2006,Dennis Green,Clancy Pendergast
ARI,Arizona,2006,Dennis Green,Keith Rowen
ARI,Arizona,2006,Dennis Green,Mike Kruczek
ARI,Arizona,2006,Keith Rowen,Clancy Pendergast
ARI,Arizona,2006,Mike Kruczek,Clancy Pendergast
ARI,Arizona,2005,Dennis Green,Clancy Pendergast
ARI,Arizona,2005,Dennis Green,Keith Rowen
ARI,Arizona,2005,Keith Rowen,Clancy Pendergast
ARI,Arizona,2004,Alex Wood,Clancy Pendergast
ARI,Arizona,2004,Dennis Green,Alex Wood
ARI,Arizona,2004,Dennis Green,Clancy Pendergast
ARI,Arizona,2003,Dave McGinnis,Jerry Sullivan
ARI,Arizona,2003,Dave McGinnis,Larry Marmie
ARI,Arizona,2003,Jerry Sullivan,Larry Marmie
ARI,Arizona,2002,Dave McGinnis,Larry Marmie
ARI,Arizona,2002,Dave McGinnis,Rich Olson
ARI,Arizona,2002,Rich Olson,Larry Marmie
ARI,Arizona,2001,Dave McGinnis,Larry Marmie
ARI,Arizona,2001,Dave McGinnis,Rich Olson
ARI,Arizona,2001,Rich Olson,Larry Marmie
ARI,Arizona,2000,Dave McGinnis,Larry Marmie
ARI,Arizona,2000,Dave McGinnis,Marc Trestman
ARI,Arizona,2000,Marc Trestman,Larry Marmie
ATL,Atlanta,2014,Dirk Koetter,Mike Nolan
ATL,Atlanta,2014,Mike Smith,Dirk Koetter
ATL,Atlanta,2014,Mike Smith,Mike Nolan
ATL,Atlanta,2013,Dirk Koetter,Mike Nolan
ATL,Atlanta,2013,Mike Smith,Dirk Koetter
ATL,Atlanta,2013,Mike Smith,Mike Nolan
ATL,Atlanta,2012,Dirk Koetter,Mike Nolan
ATL,Atlanta,2012,Mike Smith,Dirk Koetter
ATL,Atlanta,2012,Mike Smith,Mike Nolan
ATL,Atlanta,2011,Mike Mularkey,Brian VanGorder
ATL,Atlanta,2011,Mike Smith,Brian VanGorder
ATL,Atlanta,2011,Mike Smith,Mike Mularkey
ATL,Atlanta,2010,Mike Mularkey,Brian VanGorder
ATL,Atlanta,2010,Mike Smith,Brian VanGorder
ATL,Atlanta,2010,Mike Smith,Mike Mularkey
ATL,Atlanta,2009,Mike Mularkey,Brian VanGorder
ATL,Atlanta,2009,Mike Smith,Brian VanGorder
ATL,Atlanta,2009,Mike Smith,Mike Mularkey
ATL,Atlanta,2008,Mike Mularkey,Brian VanGorder
ATL,Atlanta,2008,Mike Smith,Brian VanGorder
ATL,Atlanta,2008,Mike Smith,Mike Mularkey
ATL,Atlanta,2007,Bobby Petrino,Hue Jackson
ATL,Atlanta,2007,Bobby Petrino,Mike Zimmer
ATL,Atlanta,2007,Emmitt Thomas,Hue Jackson
ATL,Atlanta,2007,Emmitt Thomas,Mike Zimmer
ATL,Atlanta,2007,Hue Jackson,Mike Zimmer
ATL,Atlanta,2007,Hue Jackson,Mike Zimmer
ATL,Atlanta,2006,Greg Knapp,Ed Donatell
ATL,Atlanta,2006,Jim Mora,Ed Donatell
ATL,Atlanta,2006,Jim Mora,Greg Knapp
ATL,Atlanta,2005,Greg Knapp,Ed Donatell
ATL,Atlanta,2005,Jim Mora,Ed Donatell
ATL,Atlanta,2005,Jim Mora,Greg Knapp
ATL,Atlanta,2004,Greg Knapp,Ed Donatell
ATL,Atlanta,2004,Jim Mora,Ed Donatell
ATL,Atlanta,2004,Jim Mora,Greg Knapp
ATL,Atlanta,2003,Dan Reeves,Pete Mangurian
ATL,Atlanta,2003,Dan Reeves,Wade Phillips
ATL,Atlanta,2003,Pete Mangurian,Wade Phillips
ATL,Atlanta,2003,Pete Mangurian,Wade Phillips
ATL,Atlanta,2003,Wade Phillips,Pete Mangurian
ATL,Atlanta,2003,Wade Phillips,Wade Phillips
ATL,Atlanta,2002,Dan Reeves,Wade Phillips
ATL,Atlanta,2001,Dan Reeves,Don Blackmon
ATL,Atlanta,2001,Dan Reeves,George Sefcik
ATL,Atlanta,2001,George Sefcik,Don Blackmon
ATL,Atlanta,2000,Dan Reeves,George Sefcik
ATL,Atlanta,2000,Dan Reeves,Rich Brooks
ATL,Atlanta,2000,George Sefcik,Rich Brooks
BAL,Baltimore,2014,Gary Kubiak,Dean Pees
BAL,Baltimore,2014,John Harbaugh,Dean Pees
BAL,Baltimore,2014,John Harbaugh,Gary Kubiak
BAL,Baltimore,2013,Jim Caldwell,Dean Pees
BAL,Baltimore,2013,John Harbaugh,Dean Pees
BAL,Baltimore,2013,John Harbaugh,Jim Caldwell
BAL,Baltimore,2012,Cam Cameron,Dean Pees
BAL,Baltimore,2012,Jim Caldwell,Dean Pees
BAL,Baltimore,2012,John Harbaugh,Cam Cameron
BAL,Baltimore,2012,John Harbaugh,Dean Pees
BAL,Baltimore,2012,John Harbaugh,Dean Pees
BAL,Baltimore,2012,John Harbaugh,Jim Caldwell
BAL,Baltimore,2011,Cam Cameron,Chuck Pagano
BAL,Baltimore,2011,John Harbaugh,Cam Cameron
BAL,Baltimore,2011,John Harbaugh,Chuck Pagano
BAL,Baltimore,2010,Cam Cameron,Greg Mattison
BAL,Baltimore,2010,John Harbaugh,Cam Cameron
BAL,Baltimore,2010,John Harbaugh,Greg Mattison
BAL,Baltimore,2009,Cam Cameron,Greg Mattison
BAL,Baltimore,2009,John Harbaugh,Cam Cameron
BAL,Baltimore,2009,John Harbaugh,Greg Mattison
BAL,Baltimore,2008,Cam Cameron,Rex Ryan
BAL,Baltimore,2008,John Harbaugh,Cam Cameron
BAL,Baltimore,2008,John Harbaugh,Rex Ryan
BAL,Baltimore,2007,Brian Billick,Rex Ryan
BAL,Baltimore,2007,Brian Billick,Rick Neuheisel
BAL,Baltimore,2007,Rick Neuheisel,Rex Ryan
BAL,Baltimore,2006,Brian Billick,Jim Fassel
BAL,Baltimore,2006,Brian Billick,Rex Ryan
BAL,Baltimore,2006,Jim Fassel,Rex Ryan
BAL,Baltimore,2005,Brian Billick,Jim Fassel
BAL,Baltimore,2005,Brian Billick,Rex Ryan
BAL,Baltimore,2005,Jim Fassel,Rex Ryan
BAL,Baltimore,2004,Brian Billick,Matt Cavanaugh
BAL,Baltimore,2004,Brian Billick,Mike Nolan
BAL,Baltimore,2004,Matt Cavanaugh,Mike Nolan
BAL,Baltimore,2003,Brian Billick,Matt Cavanaugh
BAL,Baltimore,2003,Brian Billick,Mike Nolan
BAL,Baltimore,2003,Matt Cavanaugh,Mike Nolan
BAL,Baltimore,2002,Brian Billick,Matt Cavanaugh
BAL,Baltimore,2002,Brian Billick,Mike Nolan
BAL,Baltimore,2002,Matt Cavanaugh,Mike Nolan
BAL,Baltimore,2001,Brian Billick,Marvin Lewis
BAL,Baltimore,2001,Brian Billick,Matt Cavanaugh
BAL,Baltimore,2001,Matt Cavanaugh,Marvin Lewis
BAL,Baltimore,2000,Brian Billick,Marvin Lewis
BAL,Baltimore,2000,Brian Billick,Matt Cavanaugh
BAL,Baltimore,2000,Matt Cavanaugh,Marvin Lewis
BUF,Buffalo,2014,Doug Marrone,Jim Schwartz
BUF,Buffalo,2014,Doug Marrone,Nathaniel Hackett
BUF,Buffalo,2014,Nathaniel Hackett,Jim Schwartz
BUF,Buffalo,2013,Doug Marrone,Mike Pettine
BUF,Buffalo,2013,Doug Marrone,Nathaniel Hackett
BUF,Buffalo,2013,Nathaniel Hackett,Mike Pettine
BUF,Buffalo,2012,Chan Gailey,Curtis Modkins
BUF,Buffalo,2012,Chan Gailey,Dave Wannstedt
BUF,Buffalo,2012,Curtis Modkins,Dave Wannstedt
BUF,Buffalo,2011,Chan Gailey,Curtis Modkins
BUF,Buffalo,2011,Chan Gailey,George Edwards
BUF,Buffalo,2011,Curtis Modkins,George Edwards
BUF,Buffalo,2010,Chan Gailey,Curtis Modkins
BUF,Buffalo,2010,Chan Gailey,George Edwards
BUF,Buffalo,2010,Curtis Modkins,George Edwards
BUF,Buffalo,2009,Alex Van Pelt,Perry Fewell
BUF,Buffalo,2009,Dick Jauron,Alex Van Pelt
BUF,Buffalo,2009,Dick Jauron,Perry Fewell
BUF,Buffalo,2009,Perry Fewell,Alex Van Pelt
BUF,Buffalo,2008,Dick Jauron,Perry Fewell
BUF,Buffalo,2008,Dick Jauron,Turk Schonert
BUF,Buffalo,2008,Turk Schonert,Perry Fewell
BUF,Buffalo,2007,Dick Jauron,Perry Fewell
BUF,Buffalo,2007,Dick Jauron,Steve Fairchild
BUF,Buffalo,2007,Steve Fairchild,Perry Fewell
BUF,Buffalo,2006,Dick Jauron,Perry Fewell
BUF,Buffalo,2006,Dick Jauron,Steve Fairchild
BUF,Buffalo,2006,Steve Fairchild,Perry Fewell
BUF,Buffalo,2005,Mike Mularkey,Jerry Gray
BUF,Buffalo,2005,Mike Mularkey,Tom Clements
BUF,Buffalo,2005,Tom Clements,Jerry Gray
BUF,Buffalo,2004,Mike Mularkey,Jerry Gray
BUF,Buffalo,2004,Mike Mularkey,Tom Clements
BUF,Buffalo,2004,Tom Clements,Jerry Gray
BUF,Buffalo,2003,Gregg Williams,Jerry Gray
BUF,Buffalo,2003,Gregg Williams,Kevin Gilbride
BUF,Buffalo,2003,Kevin Gilbride,Jerry Gray
BUF,Buffalo,2002,Gregg Williams,Jerry Gray
BUF,Buffalo,2002,Gregg Williams,Kevin Gilbride
BUF,Buffalo,2002,Kevin Gilbride,Jerry Gray
BUF,Buffalo,2001,Gregg Williams,Jerry Gray
BUF,Buffalo,2001,Gregg Williams,Mike Sheppard
BUF,Buffalo,2001,Mike Sheppard,Jerry Gray
BUF,Buffalo,2000,Joe Pendry,Ted Cottrell
BUF,Buffalo,2000,Wade Phillips,Joe Pendry
BUF,Buffalo,2000,Wade Phillips,Ted Cottrell
CAR,Carolina,2014,Mike Shula,Sean McDermott
CAR,Carolina,2014,Ron Rivera,Mike Shula
CAR,Carolina,2014,Ron Rivera,Sean McDermott
CAR,Carolina,2013,Mike Shula,Sean McDermott
CAR,Carolina,2013,Ron Rivera,Mike Shula
CAR,Carolina,2013,Ron Rivera,Sean McDermott
CAR,Carolina,2012,Rob Chudzinski,Sean McDermott
CAR,Carolina,2012,Ron Rivera,Rob Chudzinski
CAR,Carolina,2012,Ron Rivera,Sean McDermott
CAR,Carolina,2011,Rob Chudzinski,Sean McDermott
CAR,Carolina,2011,Ron Rivera,Rob Chudzinski
CAR,Carolina,2011,Ron Rivera,Sean McDermott
CAR,Carolina,2010,Jeff Davidson,Ron Meeks
CAR,Carolina,2010,John Fox,Jeff Davidson
CAR,Carolina,2010,John Fox,Ron Meeks
CAR,Carolina,2009,Jeff Davidson,Ron Meeks
CAR,Carolina,2009,John Fox,Jeff Davidson
CAR,Carolina,2009,John Fox,Ron Meeks
CAR,Carolina,2008,Jeff Davidson,Mike Trgovac
CAR,Carolina,2008,John Fox,Jeff Davidson
CAR,Carolina,2008,John Fox,Mike Trgovac
CAR,Carolina,2007,Jeff Davidson,Mike Trgovac
CAR,Carolina,2007,John Fox,Jeff Davidson
CAR,Carolina,2007,John Fox,Mike Trgovac
CAR,Carolina,2006,Dan Henning,Mike Trgovac
CAR,Carolina,2006,John Fox,Dan Henning
CAR,Carolina,2006,John Fox,Mike Trgovac
CAR,Carolina,2005,Dan Henning,Mike Trgovac
CAR,Carolina,2005,John Fox,Dan Henning
CAR,Carolina,2005,John Fox,Mike Trgovac
CAR,Carolina,2004,Dan Henning,Mike Trgovac
CAR,Carolina,2004,John Fox,Dan Henning
CAR,Carolina,2004,John Fox,Mike Trgovac
CAR,Carolina,2003,Dan Henning,Mike Trgovac
CAR,Carolina,2003,John Fox,Dan Henning
CAR,Carolina,2003,John Fox,Mike Trgovac
CAR,Carolina,2002,Dan Henning,Jack Del Rio
CAR,Carolina,2002,John Fox,Dan Henning
CAR,Carolina,2002,John Fox,Jack Del Rio
CAR,Carolina,2001,George Seifert,John Marshall
CAR,Carolina,2001,George Seifert,Richard Williamson
CAR,Carolina,2001,Richard Williamson,John Marshall
CAR,Carolina,2000,Bill Musgrave,John Marshall
CAR,Carolina,2000,George Seifert,Bill Musgrave
CAR,Carolina,2000,George Seifert,John Marshall
CAR,Carolina,2000,George Seifert,John Marshall
CAR,Carolina,2000,George Seifert,Richard Williamson
CAR,Carolina,2000,Richard Williamson,John Marshall
CHI,Chicago,2014,Aaron Kromer,Mel Tucker
CHI,Chicago,2014,Marc Trestman,Aaron Kromer
CHI,Chicago,2014,Marc Trestman,Mel Tucker
CHI,Chicago,2013,Aaron Kromer,Mel Tucker
CHI,Chicago,2013,Marc Trestman,Aaron Kromer
CHI,Chicago,2013,Marc Trestman,Mel Tucker
CHI,Chicago,2012,Lovie Smith,Mike Tice
CHI,Chicago,2012,Lovie Smith,Rod Marinelli
CHI,Chicago,2012,Mike Tice,Rod Marinelli
CHI,Chicago,2011,Lovie Smith,Mike Martz
CHI,Chicago,2011,Lovie Smith,Rod Marinelli
CHI,Chicago,2011,Mike Martz,Rod Marinelli
CHI,Chicago,2010,Lovie Smith,Mike Martz
CHI,Chicago,2010,Lovie Smith,Rod Marinelli
CHI,Chicago,2010,Mike Martz,Rod Marinelli
CHI,Chicago,2009,Lovie Smith,Bob Babich
CHI,Chicago,2009,Lovie Smith,Ron Turner
CHI,Chicago,2009,Ron Turner,Bob Babich
CHI,Chicago,2008,Lovie Smith,Bob Babich
CHI,Chicago,2008,Lovie Smith,Ron Turner
CHI,Chicago,2008,Ron Turner,Bob Babich
CHI,Chicago,2007,Lovie Smith,Bob Babich
CHI,Chicago,2007,Lovie Smith,Ron Turner
CHI,Chicago,2007,Ron Turner,Bob Babich
CHI,Chicago,2006,Lovie Smith,Ron Rivera
CHI,Chicago,2006,Lovie Smith,Ron Turner
CHI,Chicago,2006,Ron Turner,Ron Rivera
CHI,Chicago,2005,Lovie Smith,Ron Rivera
CHI,Chicago,2005,Lovie Smith,Ron Turner
CHI,Chicago,2005,Ron Turner,Ron Rivera
CHI,Chicago,2004,Lovie Smith,Ron Rivera
CHI,Chicago,2004,Lovie Smith,Terry Shea
CHI,Chicago,2004,Terry Shea,Ron Rivera
CHI,Chicago,2003,Dick Jauron,Greg Blache
CHI,Chicago,2003,Dick Jauron,John Shoop
CHI,Chicago,2003,John Shoop,Greg Blache
CHI,Chicago,2002,Dick Jauron,Greg Blache
CHI,Chicago,2002,Dick Jauron,John Shoop
CHI,Chicago,2002,John Shoop,Greg Blache
CHI,Chicago,2001,Dick Jauron,Greg Blache
CHI,Chicago,2001,Dick Jauron,John Shoop
CHI,Chicago,2001,John Shoop,Greg Blache
CHI,Chicago,2000,Dick Jauron,Gary Crowton
CHI,Chicago,2000,Dick Jauron,Greg Blache
CHI,Chicago,2000,Gary Crowton,Greg Blache
CIN,Cincinnati,2014,Hue Jackson,Paul Guenther
CIN,Cincinnati,2014,Marvin Lewis,Hue Jackson
CIN,Cincinnati,2014,Marvin Lewis,Paul Guenther
CIN,Cincinnati,2013,Jay Gruden,Mike Zimmer
CIN,Cincinnati,2013,Marvin Lewis,Jay Gruden
CIN,Cincinnati,2013,Marvin Lewis,Mike Zimmer
CIN,Cincinnati,2012,Jay Gruden,Mike Zimmer
CIN,Cincinnati,2012,Marvin Lewis,Jay Gruden
CIN,Cincinnati,2012,Marvin Lewis,Mike Zimmer
CIN,Cincinnati,2011,Jay Gruden,Mike Zimmer
CIN,Cincinnati,2011,Marvin Lewis,Jay Gruden
CIN,Cincinnati,2011,Marvin Lewis,Mike Zimmer
CIN,Cincinnati,2010,Bob Bratkowski,Mike Zimmer
CIN,Cincinnati,2010,Marvin Lewis,Bob Bratkowski
CIN,Cincinnati,2010,Marvin Lewis,Mike Zimmer
CIN,Cincinnati,2009,Bob Bratkowski,Mike Zimmer
CIN,Cincinnati,2009,Marvin Lewis,Bob Bratkowski
CIN,Cincinnati,2009,Marvin Lewis,Mike Zimmer
CIN,Cincinnati,2008,Bob Bratkowski,Mike Zimmer
CIN,Cincinnati,2008,Marvin Lewis,Bob Bratkowski
CIN,Cincinnati,2008,Marvin Lewis,Mike Zimmer
CIN,Cincinnati,2007,Bob Bratkowski,Chuck Bresnahan
CIN,Cincinnati,2007,Marvin Lewis,Bob Bratkowski
CIN,Cincinnati,2007,Marvin Lewis,Chuck Bresnahan
CIN,Cincinnati,2006,Bob Bratkowski,Chuck Bresnahan
CIN,Cincinnati,2006,Marvin Lewis,Bob Bratkowski
CIN,Cincinnati,2006,Marvin Lewis,Chuck Bresnahan
CIN,Cincinnati,2005,Bob Bratkowski,Chuck Bresnahan
CIN,Cincinnati,2005,Marvin Lewis,Bob Bratkowski
CIN,Cincinnati,2005,Marvin Lewis,Chuck Bresnahan
CIN,Cincinnati,2004,Bob Bratkowski,Leslie Frazier
CIN,Cincinnati,2004,Marvin Lewis,Bob Bratkowski
CIN,Cincinnati,2004,Marvin Lewis,Leslie Frazier
CIN,Cincinnati,2003,Bob Bratkowski,Leslie Frazier
CIN,Cincinnati,2003,Marvin Lewis,Bob Bratkowski
CIN,Cincinnati,2003,Marvin Lewis,Leslie Frazier
CIN,Cincinnati,2002,Bob Bratkowski,Mark Duffner
CIN,Cincinnati,2002,Dick LeBeau,Bob Bratkowski
CIN,Cincinnati,2002,Dick LeBeau,Mark Duffner
CIN,Cincinnati,2001,Bob Bratkowski,Mark Duffner
CIN,Cincinnati,2001,Dick LeBeau,Bob Bratkowski
CIN,Cincinnati,2001,Dick LeBeau,Mark Duffner
CIN,Cincinnati,2000,Bruce Coslet,Dick LeBeau
CIN,Cincinnati,2000,Bruce Coslet,Ken Anderson
CIN,Cincinnati,2000,Ken Anderson,Dick LeBeau
CLE,Cleveland,2014,Kyle Shanahan,Jim O'Neil
CLE,Cleveland,2014,Mike Pettine,Jim O'Neil
CLE,Cleveland,2014,Mike Pettine,Kyle Shanahan
CLE,Cleveland,2013,Norv Turner,Ray Horton
CLE,Cleveland,2013,Rob Chudzinski,Norv Turner
CLE,Cleveland,2013,Rob Chudzinski,Ray Horton
CLE,Cleveland,2012,Brad Childress,Dick Jauron
CLE,Cleveland,2012,Pat Shurmur,Brad Childress
CLE,Cleveland,2012,Pat Shurmur,Dick Jauron
CLE,Cleveland,2011,Pat Shurmur,Dick Jauron
CLE,Cleveland,2010,Brian Daboll,Rob Ryan
CLE,Cleveland,2010,Eric Mangini,Brian Daboll
CLE,Cleveland,2010,Eric Mangini,Rob Ryan
CLE,Cleveland,2009,Brian Daboll,Rob Ryan
CLE,Cleveland,2009,Eric Mangini,Brian Daboll
CLE,Cleveland,2009,Eric Mangini,Rob Ryan
CLE,Cleveland,2008,Rob Chudzinski,Mel Tucker
CLE,Cleveland,2008,Romeo Crennel,Mel Tucker
CLE,Cleveland,2008,Romeo Crennel,Rob Chudzinski
CLE,Cleveland,2007,Rob Chudzinski,Todd Grantham
CLE,Cleveland,2007,Romeo Crennel,Rob Chudzinski
CLE,Cleveland,2007,Romeo Crennel,Todd Grantham
CLE,Cleveland,2006,Jeff Davidson,Todd Grantham
CLE,Cleveland,2006,Maurice Carthon,Todd Grantham
CLE,Cleveland,2006,Romeo Crennel,Jeff Davidson
CLE,Cleveland,2006,Romeo Crennel,Maurice Carthon
CLE,Cleveland,2006,Romeo Crennel,Todd Grantham
CLE,Cleveland,2006,Romeo Crennel,Todd Grantham
CLE,Cleveland,2005,Maurice Carthon,Todd Grantham
CLE,Cleveland,2005,Romeo Crennel,Maurice Carthon
CLE,Cleveland,2005,Romeo Crennel,Todd Grantham
CLE,Cleveland,2004,Butch Davis,Dave Campo
CLE,Cleveland,2004,Butch Davis,Terry Robiskie
CLE,Cleveland,2004,Rob Chudzinski,Dave Campo
CLE,Cleveland,2004,Terry Robiskie,Dave Campo
CLE,Cleveland,2004,Terry Robiskie,Dave Campo
CLE,Cleveland,2004,Terry Robiskie,Rob Chudzinski
CLE,Cleveland,2003,Bruce Arians,Dave Campo
CLE,Cleveland,2003,Butch Davis,Bruce Arians
CLE,Cleveland,2003,Butch Davis,Dave Campo
CLE,Cleveland,2002,Bruce Arians,Foge Fazio
CLE,Cleveland,2002,Butch Davis,Bruce Arians
CLE,Cleveland,2002,Butch Davis,Foge Fazio
CLE,Cleveland,2001,Bruce Arians,Foge Fazio
CLE,Cleveland,2001,Butch Davis,Bruce Arians
CLE,Cleveland,2001,Butch Davis,Foge Fazio
CLE,Cleveland,2000,Chris Palmer,Pete Carmichael
CLE,Cleveland,2000,Chris Palmer,Romeo Crennel
CLE,Cleveland,2000,Pete Carmichael,Romeo Crennel
DAL,Dallas,2014,Bill Callahan,Rod Marinelli
DAL,Dallas,2014,Jason Garrett,Bill Callahan
DAL,Dallas,2014,Jason Garrett,Rod Marinelli
DAL,Dallas,2013,Bill Callahan,Monte Kiffin
DAL,Dallas,2013,Jason Garrett,Bill Callahan
DAL,Dallas,2013,Jason Garrett,Monte Kiffin
DAL,Dallas,2012,Bill Callahan,Rob Ryan
DAL,Dallas,2012,Jason Garrett,Bill Callahan
DAL,Dallas,2012,Jason Garrett,Rob Ryan
DAL,Dallas,2011,Jason Garrett,Rob Ryan
DAL,Dallas,2010,Jason Garrett,Paul Pasqualoni
DAL,Dallas,2010,Wade Phillips,Jason Garrett
DAL,Dallas,2010,Wade Phillips,Paul Pasqualoni
DAL,Dallas,2009,Wade Phillips,Jason Garrett
DAL,Dallas,2008,Jason Garrett,Brian Stewart
DAL,Dallas,2008,Wade Phillips,Brian Stewart
DAL,Dallas,2008,Wade Phillips,Jason Garrett
DAL,Dallas,2007,Jason Garrett,Brian Stewart
DAL,Dallas,2007,Wade Phillips,Brian Stewart
DAL,Dallas,2007,Wade Phillips,Jason Garrett
DAL,Dallas,2006,Bill Parcells,Mike Zimmer
DAL,Dallas,2005,Bill Parcells,Mike Zimmer
DAL,Dallas,2004,Bill Parcells,Maurice Carthon
DAL,Dallas,2004,Bill Parcells,Mike Zimmer
DAL,Dallas,2004,Maurice Carthon,Mike Zimmer
DAL,Dallas,2003,Bill Parcells,Maurice Carthon
DAL,Dallas,2003,Bill Parcells,Mike Zimmer
DAL,Dallas,2003,Maurice Carthon,Mike Zimmer
DAL,Dallas,2002,Bruce Coslet,Mike Zimmer
DAL,Dallas,2002,Dave Campo,Bruce Coslet
DAL,Dallas,2002,Dave Campo,Mike Zimmer
DAL,Dallas,2001,Dave Campo,Jack Reilly
DAL,Dallas,2001,Dave Campo,Mike Zimmer
DAL,Dallas,2001,Jack Reilly,Mike Zimmer
DAL,Dallas,2000,Dave Campo,Jack Reilly
DAL,Dallas,2000,Dave Campo,Mike Zimmer
DAL,Dallas,2000,Jack Reilly,Mike Zimmer
DEN,Denver,2014,Adam Gase,Jack Del Rio
DEN,Denver,2014,John Fox,Adam Gase
DEN,Denver,2014,John Fox,Jack Del Rio
DEN,Denver,2013,Adam Gase,Jack Del Rio
DEN,Denver,2013,John Fox,Adam Gase
DEN,Denver,2013,John Fox,Jack Del Rio
DEN,Denver,2012,John Fox,Jack Del Rio
DEN,Denver,2012,John Fox,Mike McCoy
DEN,Denver,2012,Mike McCoy,Jack Del Rio
DEN,Denver,2011,John Fox,Dennis Allen
DEN,Denver,2011,John Fox,Mike McCoy
DEN,Denver,2011,Mike McCoy,Dennis Allen
DEN,Denver,2010,Josh McDaniels,Don Martindale
DEN,Denver,2010,Josh McDaniels,Mike McCoy
DEN,Denver,2010,Mike McCoy,Don Martindale
DEN,Denver,2009,Josh McDaniels,Mike McCoy
DEN,Denver,2009,Josh McDaniels,Mike Nolan
DEN,Denver,2009,Mike McCoy,Mike Nolan
DEN,Denver,2008,Mike Shanahan,Bob Slowik
DEN,Denver,2008,Mike Shanahan,Rick Dennison
DEN,Denver,2008,Rick Dennison,Bob Slowik
DEN,Denver,2007,Mike Shanahan,Bob Slowik
DEN,Denver,2007,Mike Shanahan,Rick Dennison
DEN,Denver,2007,Rick Dennison,Bob Slowik
DEN,Denver,2006,Mike Shanahan,Rick Dennison
DEN,Denver,2006,Mike Shanahan,Rick Dennison
DEN,Denver,2006,Rick Dennison,Rick Dennison
DEN,Denver,2005,Gary Kubiak,Larry Coyer
DEN,Denver,2005,Mike Shanahan,Gary Kubiak
DEN,Denver,2005,Mike Shanahan,Larry Coyer
DEN,Denver,2004,Gary Kubiak,Larry Coyer
DEN,Denver,2004,Mike Shanahan,Gary Kubiak
DEN,Denver,2004,Mike Shanahan,Larry Coyer
DEN,Denver,2003,Gary Kubiak,Larry Coyer
DEN,Denver,2003,Mike Shanahan,Gary Kubiak
DEN,Denver,2003,Mike Shanahan,Larry Coyer
DEN,Denver,2002,Gary Kubiak,Ray Rhodes
DEN,Denver,2002,Mike Shanahan,Gary Kubiak
DEN,Denver,2002,Mike Shanahan,Ray Rhodes
DEN,Denver,2001,Gary Kubiak,Ray Rhodes
DEN,Denver,2001,Mike Shanahan,Gary Kubiak
DEN,Denver,2001,Mike Shanahan,Ray Rhodes
DEN,Denver,2000,Gary Kubiak,Greg Robinson
DEN,Denver,2000,Mike Shanahan,Gary Kubiak
DEN,Denver,2000,Mike Shanahan,Greg Robinson
DET,Detroit,2014,Jim Caldwell,Joe Lombardi
DET,Detroit,2014,Jim Caldwell,Teryl Austin
DET,Detroit,2014,Joe Lombardi,Teryl Austin
DET,Detroit,2013,Jim Schwartz,Gunther Cunningham
DET,Detroit,2013,Jim Schwartz,Scott Linehan
DET,Detroit,2013,Scott Linehan,Gunther Cunningham
DET,Detroit,2012,Jim Schwartz,Gunther Cunningham
DET,Detroit,2012,Jim Schwartz,Scott Linehan
DET,Detroit,2012,Scott Linehan,Gunther Cunningham
DET,Detroit,2011,Jim Schwartz,Gunther Cunningham
DET,Detroit,2011,Jim Schwartz,Scott Linehan
DET,Detroit,2011,Scott Linehan,Gunther Cunningham
DET,Detroit,2010,Jim Schwartz,Gunther Cunningham
DET,Detroit,2010,Jim Schwartz,Scott Linehan
DET,Detroit,2010,Scott Linehan,Gunther Cunningham
DET,Detroit,2009,Jim Schwartz,Gunther Cunningham
DET,Detroit,2009,Jim Schwartz,Scott Linehan
DET,Detroit,2009,Scott Linehan,Gunther Cunningham
DET,Detroit,2008,Jim Colletto,Joe Barry
DET,Detroit,2008,Rod Marinelli,Jim Colletto
DET,Detroit,2008,Rod Marinelli,Joe Barry
DET,Detroit,2007,Mike Martz,Joe Barry
DET,Detroit,2007,Rod Marinelli,Joe Barry
DET,Detroit,2007,Rod Marinelli,Mike Martz
DET,Detroit,2006,Mike Martz,Donnie Henderson
DET,Detroit,2006,Rod Marinelli,Donnie Henderson
DET,Detroit,2006,Rod Marinelli,Mike Martz
DET,Detroit,2005,Dick Jauron,Greg Olson
DET,Detroit,2005,Steve Mariucci,Dick Jauron
DET,Detroit,2005,Steve Mariucci,Ted Tollner
DET,Detroit,2005,Ted Tollner,Dick Jauron
DET,Detroit,2004,Sherman Lewis,Dick Jauron
DET,Detroit,2004,Steve Mariucci,Dick Jauron
DET,Detroit,2004,Steve Mariucci,Sherman Lewis
DET,Detroit,2003,Sherman Lewis,Kurt Schottenheimer
DET,Detroit,2003,Steve Mariucci,Kurt Schottenheimer
DET,Detroit,2003,Steve Mariucci,Sherman Lewis
DET,Detroit,2002,Marty Mornhinweg,Kurt Schottenheimer
DET,Detroit,2002,Marty Mornhinweg,Maurice Carthon
DET,Detroit,2002,Maurice Carthon,Kurt Schottenheimer
DET,Detroit,2001,Marty Mornhinweg,Maurice Carthon
DET,Detroit,2001,Marty Mornhinweg,Vince Tobin
DET,Detroit,2001,Maurice Carthon,Vince Tobin
DET,Detroit,2000,Bobby Ross,Larry Peccatiello
DET,Detroit,2000,Bobby Ross,Sylvester Croom
DET,Detroit,2000,Gary Moeller,Larry Peccatiello
DET,Detroit,2000,Gary Moeller,Sylvester Croom
DET,Detroit,2000,Sylvester Croom,Larry Peccatiello
DET,Detroit,2000,Sylvester Croom,Larry Peccatiello
GB,Green Bay,2014,Mike McCarthy,Dom Capers
GB,Green Bay,2014,Mike McCarthy,Tom Clements
GB,Green Bay,2014,Tom Clements,Dom Capers
GB,Green Bay,2013,Mike McCarthy,Dom Capers
GB,Green Bay,2013,Mike McCarthy,Tom Clements
GB,Green Bay,2013,Tom Clements,Dom Capers
GB,Green Bay,2012,Mike McCarthy,Dom Capers
GB,Green Bay,2012,Mike McCarthy,Tom Clements
GB,Green Bay,2012,Tom Clements,Dom Capers
GB,Green Bay,2011,Joe Philbin,Dom Capers
GB,Green Bay,2011,Mike McCarthy,Dom Capers
GB,Green Bay,2011,Mike McCarthy,Joe Philbin
GB,Green Bay,2010,Joe Philbin,Dom Capers
GB,Green Bay,2010,Mike McCarthy,Dom Capers
GB,Green Bay,2010,Mike McCarthy,Joe Philbin
GB,Green Bay,2009,Joe Philbin,Dom Capers
GB,Green Bay,2009,Mike McCarthy,Dom Capers
GB,Green Bay,2009,Mike McCarthy,Joe Philbin
GB,Green Bay,2008,Joe Philbin,Bob Sanders
GB,Green Bay,2008,Mike McCarthy,Bob Sanders
GB,Green Bay,2008,Mike McCarthy,Joe Philbin
GB,Green Bay,2007,Joe Philbin,Bob Sanders
GB,Green Bay,2007,Mike McCarthy,Bob Sanders
GB,Green Bay,2007,Mike McCarthy,Joe Philbin
GB,Green Bay,2006,Jeff Jagodzinski,Bob Sanders
GB,Green Bay,2006,Mike McCarthy,Bob Sanders
GB,Green Bay,2006,Mike McCarthy,Jeff Jagodzinski
GB,Green Bay,2005,Mike Sherman,Jim Bates
GB,Green Bay,2005,Mike Sherman,Tom Rossley
GB,Green Bay,2005,Tom Rossley,Jim Bates
GB,Green Bay,2004,Mike Sherman,Bob Slowik
GB,Green Bay,2004,Mike Sherman,Tom Rossley
GB,Green Bay,2004,Tom Rossley,Bob Slowik
GB,Green Bay,2003,Mike Sherman,Ed Donatell
GB,Green Bay,2003,Mike Sherman,Tom Rossley
GB,Green Bay,2003,Tom Rossley,Ed Donatell
GB,Green Bay,2002,Mike Sherman,Ed Donatell
GB,Green Bay,2002,Mike Sherman,Tom Rossley
GB,Green Bay,2002,Tom Rossley,Ed Donatell
GB,Green Bay,2001,Mike Sherman,Ed Donatell
GB,Green Bay,2001,Mike Sherman,Tom Rossley
GB,Green Bay,2001,Tom Rossley,Ed Donatell
GB,Green Bay,2000,Mike Sherman,Ed Donatell
GB,Green Bay,2000,Mike Sherman,Tom Rossley
GB,Green Bay,2000,Tom Rossley,Ed Donatell
HOU,Houston,2014,Bill O'Brien,Romeo Crennel
HOU,Houston,2013,Gary Kubiak,Rick Dennison
HOU,Houston,2013,Gary Kubiak,Wade Phillips
HOU,Houston,2013,Rick Dennison,Wade Phillips
HOU,Houston,2013,Wade Phillips,Rick Dennison
HOU,Houston,2012,Gary Kubiak,Rick Dennison
HOU,Houston,2012,Gary Kubiak,Wade Phillips
HOU,Houston,2012,Rick Dennison,Wade Phillips
HOU,Houston,2011,Gary Kubiak,Rick Dennison
HOU,Houston,2011,Gary Kubiak,Wade Phillips
HOU,Houston,2011,Rick Dennison,Wade Phillips
HOU,Houston,2010,Gary Kubiak,Frank Bush
HOU,Houston,2010,Gary Kubiak,Rick Dennison
HOU,Houston,2010,Rick Dennison,Frank Bush
HOU,Houston,2009,Gary Kubiak,Frank Bush
HOU,Houston,2009,Gary Kubiak,Kyle Shanahan
HOU,Houston,2009,Kyle Shanahan,Frank Bush
HOU,Houston,2008,Gary Kubiak,Kyle Shanahan
HOU,Houston,2008,Gary Kubiak,Richard Smith
HOU,Houston,2008,Kyle Shanahan,Richard Smith
HOU,Houston,2007,Gary Kubiak,Mike Sherman
HOU,Houston,2007,Gary Kubiak,Richard Smith
HOU,Houston,2007,Mike Sherman,Richard Smith
HOU,Houston,2006,Gary Kubiak,Richard Smith
HOU,Houston,2006,Gary Kubiak,Troy Calhoun
HOU,Houston,2006,Troy Calhoun,Richard Smith
HOU,Houston,2005,Chris Palmer,Vic Fangio
HOU,Houston,2005,Dom Capers,Chris Palmer
HOU,Houston,2005,Dom Capers,Joe Pendry
HOU,Houston,2005,Dom Capers,Vic Fangio
HOU,Houston,2005,Dom Capers,Vic Fangio
HOU,Houston,2005,Joe Pendry,Vic Fangio
HOU,Houston,2004,Chris Palmer,Vic Fangio
HOU,Houston,2004,Dom Capers,Chris Palmer
HOU,Houston,2004,Dom Capers,Vic Fangio
HOU,Houston,2003,Chris Palmer,Vic Fangio
HOU,Houston,2003,Dom Capers,Chris Palmer
HOU,Houston,2003,Dom Capers,Vic Fangio
HOU,Houston,2002,Chris Palmer,Vic Fangio
HOU,Houston,2002,Dom Capers,Chris Palmer
HOU,Houston,2002,Dom Capers,Vic Fangio
IND,Indianapolis,2014,Chuck Pagano,Greg Manusky
IND,Indianapolis,2014,Chuck Pagano,Pep Hamilton
IND,Indianapolis,2014,Pep Hamilton,Greg Manusky
IND,Indianapolis,2013,Chuck Pagano,Greg Manusky
IND,Indianapolis,2013,Chuck Pagano,Pep Hamilton
IND,Indianapolis,2013,Pep Hamilton,Greg Manusky
IND,Indianapolis,2012,Bruce Arians,Greg Manusky
IND,Indianapolis,2012,Chuck Pagano,Bruce Arians
IND,Indianapolis,2012,Chuck Pagano,Greg Manusky
IND,Indianapolis,2011,Clyde Christensen,Larry Coyer
IND,Indianapolis,2011,Jim Caldwell,Clyde Christensen
IND,Indianapolis,2011,Jim Caldwell,Larry Coyer
IND,Indianapolis,2010,Clyde Christensen,Larry Coyer
IND,Indianapolis,2010,Jim Caldwell,Clyde Christensen
IND,Indianapolis,2010,Jim Caldwell,Larry Coyer
IND,Indianapolis,2009,Jim Caldwell,Larry Coyer
IND,Indianapolis,2009,Jim Caldwell,Tom Moore
IND,Indianapolis,2009,Tom Moore,Larry Coyer
IND,Indianapolis,2008,Tom Moore,Ron Meeks
IND,Indianapolis,2008,Tony Dungy,Ron Meeks
IND,Indianapolis,2008,Tony Dungy,Tom Moore
IND,Indianapolis,2007,Tom Moore,Ron Meeks
IND,Indianapolis,2007,Tony Dungy,Ron Meeks
IND,Indianapolis,2007,Tony Dungy,Tom Moore
IND,Indianapolis,2006,Tom Moore,Ron Meeks
IND,Indianapolis,2006,Tony Dungy,Ron Meeks
IND,Indianapolis,2006,Tony Dungy,Tom Moore
IND,Indianapolis,2005,Tom Moore,Ron Meeks
IND,Indianapolis,2005,Tony Dungy,Ron Meeks
IND,Indianapolis,2005,Tony Dungy,Tom Moore
IND,Indianapolis,2004,Tom Moore,Ron Meeks
IND,Indianapolis,2004,Tony Dungy,Ron Meeks
IND,Indianapolis,2004,Tony Dungy,Tom Moore
IND,Indianapolis,2003,Tom Moore,Ron Meeks
IND,Indianapolis,2003,Tony Dungy,Ron Meeks
IND,Indianapolis,2003,Tony Dungy,Tom Moore
IND,Indianapolis,2002,Tom Moore,Ron Meeks
IND,Indianapolis,2002,Tony Dungy,Ron Meeks
IND,Indianapolis,2002,Tony Dungy,Tom Moore
IND,Indianapolis,2001,Jim Mora,Tom Moore
IND,Indianapolis,2001,Jim Mora,Vic Fangio
IND,Indianapolis,2001,Tom Moore,Vic Fangio
IND,Indianapolis,2000,Jim Mora,Tom Moore
IND,Indianapolis,2000,Jim Mora,Vic Fangio
IND,Indianapolis,2000,Tom Moore,Vic Fangio
JAX,Jacksonville,2014,Gus Bradley,Bob Babich
JAX,Jacksonville,2014,Gus Bradley,Jedd Fisch
JAX,Jacksonville,2014,Jedd Fisch,Bob Babich
JAX,Jacksonville,2013,Gus Bradley,Bob Babich
JAX,Jacksonville,2013,Gus Bradley,Jedd Fisch
JAX,Jacksonville,2013,Jedd Fisch,Bob Babich
JAX,Jacksonville,2012,Bob Bratkowski,Mel Tucker
JAX,Jacksonville,2012,Mike Mularkey,Bob Bratkowski
JAX,Jacksonville,2012,Mike Mularkey,Mel Tucker
JAX,Jacksonville,2011,Dirk Koetter,Mel Tucker
JAX,Jacksonville,2011,Dirk Koetter,Mel Tucker
JAX,Jacksonville,2011,Jack Del Rio,Dirk Koetter
JAX,Jacksonville,2011,Jack Del Rio,Mel Tucker
JAX,Jacksonville,2011,Mel Tucker,Dirk Koetter
JAX,Jacksonville,2011,Mel Tucker,Mel Tucker
JAX,Jacksonville,2010,Dirk Koetter,Mel Tucker
JAX,Jacksonville,2010,Jack Del Rio,Dirk Koetter
JAX,Jacksonville,2010,Jack Del Rio,Mel Tucker
JAX,Jacksonville,2009,Dirk Koetter,Mel Tucker
JAX,Jacksonville,2009,Jack Del Rio,Dirk Koetter
JAX,Jacksonville,2009,Jack Del Rio,Mel Tucker
JAX,Jacksonville,2008,Dirk Koetter,Gregg Williams
JAX,Jacksonville,2008,Jack Del Rio,Dirk Koetter
JAX,Jacksonville,2008,Jack Del Rio,Gregg Williams
JAX,Jacksonville,2007,Dirk Koetter,Mike Smith
JAX,Jacksonville,2007,Jack Del Rio,Dirk Koetter
JAX,Jacksonville,2007,Jack Del Rio,Mike Smith
JAX,Jacksonville,2006,Carl Smith,Mike Smith
JAX,Jacksonville,2006,Jack Del Rio,Carl Smith
JAX,Jacksonville,2006,Jack Del Rio,Mike Smith
JAX,Jacksonville,2005,Carl Smith,Mike Smith
JAX,Jacksonville,2005,Jack Del Rio,Carl Smith
JAX,Jacksonville,2005,Jack Del Rio,Mike Smith
JAX,Jacksonville,2004,Bill Musgrave,Mike Smith
JAX,Jacksonville,2004,Jack Del Rio,Bill Musgrave
JAX,Jacksonville,2004,Jack Del Rio,Mike Smith
JAX,Jacksonville,2003,Bill Musgrave,Mike Smith
JAX,Jacksonville,2003,Jack Del Rio,Bill Musgrave
JAX,Jacksonville,2003,Jack Del Rio,Mike Smith
JAX,Jacksonville,2002,Tom Coughlin,John Pease
JAX,Jacksonville,2001,Bobby Petrino,Gary Moeller
JAX,Jacksonville,2001,Tom Coughlin,Bobby Petrino
JAX,Jacksonville,2001,Tom Coughlin,Gary Moeller
JAX,Jacksonville,2000,Tom Coughlin,Dom Capers
KC,Kansas City,2014,Andy Reid,Bob Sutton
KC,Kansas City,2014,Andy Reid,Doug Pederson
KC,Kansas City,2014,Doug Pederson,Bob Sutton
KC,Kansas City,2013,Andy Reid,Bob Sutton
KC,Kansas City,2013,Andy Reid,Doug Pederson
KC,Kansas City,2013,Doug Pederson,Bob Sutton
KC,Kansas City,2012,Romeo Crennel,Brian Daboll
KC,Kansas City,2011,Romeo Crennel,Bill Muir
KC,Kansas City,2010,Charlie Weis,Romeo Crennel
KC,Kansas City,2010,Todd Haley,Charlie Weis
KC,Kansas City,2010,Todd Haley,Romeo Crennel
KC,Kansas City,2009,Todd Haley,Clancy Pendergast
KC,Kansas City,2008,Chan Gailey,Gunther Cunningham
KC,Kansas City,2008,Herman Edwards,Chan Gailey
KC,Kansas City,2008,Herman Edwards,Gunther Cunningham
KC,Kansas City,2007,Herman Edwards,Gunther Cunningham
KC,Kansas City,2007,Herman Edwards,Mike Solari
KC,Kansas City,2007,Mike Solari,Gunther Cunningham
KC,Kansas City,2006,Herman Edwards,Gunther Cunningham
KC,Kansas City,2006,Herman Edwards,Mike Solari
KC,Kansas City,2006,Mike Solari,Gunther Cunningham
KC,Kansas City,2005,Al Saunders,Gunther Cunningham
KC,Kansas City,2005,Dick Vermeil,Al Saunders
KC,Kansas City,2005,Dick Vermeil,Gunther Cunningham
KC,Kansas City,2004,Al Saunders,Gunther Cunningham
KC,Kansas City,2004,Dick Vermeil,Al Saunders
KC,Kansas City,2004,Dick Vermeil,Gunther Cunningham
KC,Kansas City,2003,Al Saunders,Greg Robinson
KC,Kansas City,2003,Dick Vermeil,Al Saunders
KC,Kansas City,2003,Dick Vermeil,Greg Robinson
KC,Kansas City,2002,Al Saunders,Greg Robinson
KC,Kansas City,2002,Dick Vermeil,Al Saunders
KC,Kansas City,2002,Dick Vermeil,Greg Robinson
KC,Kansas City,2001,Al Saunders,Greg Robinson
KC,Kansas City,2001,Dick Vermeil,Al Saunders
KC,Kansas City,2001,Dick Vermeil,Greg Robinson
KC,Kansas City,2000,Gunther Cunningham,Jimmy Raye
KC,Kansas City,2000,Gunther Cunningham,Kurt Schottenheimer
KC,Kansas City,2000,Jimmy Raye,Kurt Schottenheimer
MIA,Miami,2014,Bill Lazor,Kevin Coyle
MIA,Miami,2014,Joe Philbin,Bill Lazor
MIA,Miami,2014,Joe Philbin,Kevin Coyle
MIA,Miami,2013,Joe Philbin,Kevin Coyle
MIA,Miami,2013,Joe Philbin,Mike Sherman
MIA,Miami,2013,Mike Sherman,Kevin Coyle
MIA,Miami,2012,Joe Philbin,Kevin Coyle
MIA,Miami,2012,Joe Philbin,Mike Sherman
MIA,Miami,2012,Mike Sherman,Kevin Coyle
MIA,Miami,2011,Brian Daboll,Mike Nolan
MIA,Miami,2011,Brian Daboll,Mike Nolan
MIA,Miami,2011,Todd Bowles,Brian Daboll
MIA,Miami,2011,Todd Bowles,Mike Nolan
MIA,Miami,2011,Tony Sparano,Brian Daboll
MIA,Miami,2011,Tony Sparano,Mike Nolan
MIA,Miami,2010,Dan Henning,Mike Nolan
MIA,Miami,2010,Tony Sparano,Dan Henning
MIA,Miami,2010,Tony Sparano,Mike Nolan
MIA,Miami,2009,Dan Henning,Paul Pasqualoni
MIA,Miami,2009,Tony Sparano,Dan Henning
MIA,Miami,2009,Tony Sparano,Paul Pasqualoni
MIA,Miami,2008,Dan Henning,Paul Pasqualoni
MIA,Miami,2008,Tony Sparano,Dan Henning
MIA,Miami,2008,Tony Sparano,Paul Pasqualoni
MIA,Miami,2007,Cam Cameron,Dom Capers
MIA,Miami,2006,Mike Mularkey,Dom Capers
MIA,Miami,2006,Nick Saban,Dom Capers
MIA,Miami,2006,Nick Saban,Mike Mularkey
MIA,Miami,2005,Nick Saban,Richard Smith
MIA,Miami,2005,Nick Saban,Scott Linehan
MIA,Miami,2005,Scott Linehan,Richard Smith
MIA,Miami,2004,Chris Foerster,Jim Bates
MIA,Miami,2004,Dave Wannstedt,Chris Foerster
MIA,Miami,2004,Dave Wannstedt,Jim Bates
MIA,Miami,2004,Jim Bates,Chris Foerster
MIA,Miami,2003,Dave Wannstedt,Jim Bates
MIA,Miami,2003,Dave Wannstedt,Norv Turner
MIA,Miami,2003,Norv Turner,Jim Bates
MIA,Miami,2002,Dave Wannstedt,Jim Bates
MIA,Miami,2002,Dave Wannstedt,Norv Turner
MIA,Miami,2002,Norv Turner,Jim Bates
MIA,Miami,2001,Chan Gailey,Jim Bates
MIA,Miami,2001,Dave Wannstedt,Chan Gailey
MIA,Miami,2001,Dave Wannstedt,Jim Bates
MIA,Miami,2000,Chan Gailey,Jim Bates
MIA,Miami,2000,Dave Wannstedt,Chan Gailey
MIA,Miami,2000,Dave Wannstedt,Jim Bates
MIN,Minnesota,2014,Mike Zimmer,George Edwards
MIN,Minnesota,2014,Mike Zimmer,Norv Turner
MIN,Minnesota,2014,Norv Turner,George Edwards
MIN,Minnesota,2013,Bill Musgrave,Alan Williams
MIN,Minnesota,2013,Leslie Frazier,Alan Williams
MIN,Minnesota,2013,Leslie Frazier,Bill Musgrave
MIN,Minnesota,2012,Bill Musgrave,Alan Williams
MIN,Minnesota,2012,Leslie Frazier,Alan Williams
MIN,Minnesota,2012,Leslie Frazier,Bill Musgrave
MIN,Minnesota,2011,Bill Musgrave,Fred Pagac
MIN,Minnesota,2011,Leslie Frazier,Bill Musgrave
MIN,Minnesota,2011,Leslie Frazier,Fred Pagac
MIN,Minnesota,2010,Brad Childress,Darrell Bevell
MIN,Minnesota,2010,Brad Childress,Leslie Frazier
MIN,Minnesota,2010,Darrell Bevell,Fred Pagac
MIN,Minnesota,2010,Darrell Bevell,Leslie Frazier
MIN,Minnesota,2010,Leslie Frazier,Darrell Bevell
MIN,Minnesota,2010,Leslie Frazier,Fred Pagac
MIN,Minnesota,2009,Brad Childress,Darrell Bevell
MIN,Minnesota,2009,Brad Childress,Leslie Frazier
MIN,Minnesota,2009,Darrell Bevell,Leslie Frazier
MIN,Minnesota,2008,Brad Childress,Darrell Bevell
MIN,Minnesota,2008,Brad Childress,Leslie Frazier
MIN,Minnesota,2008,Darrell Bevell,Leslie Frazier
MIN,Minnesota,2007,Brad Childress,Darrell Bevell
MIN,Minnesota,2007,Brad Childress,Leslie Frazier
MIN,Minnesota,2007,Darrell Bevell,Leslie Frazier
MIN,Minnesota,2006,Brad Childress,Darrell Bevell
MIN,Minnesota,2006,Brad Childress,Mike Tomlin
MIN,Minnesota,2006,Darrell Bevell,Mike Tomlin
MIN,Minnesota,2005,Mike Tice,Steve Loney
MIN,Minnesota,2005,Mike Tice,Ted Cottrell
MIN,Minnesota,2005,Steve Loney,Ted Cottrell
MIN,Minnesota,2004,Mike Tice,Scott Linehan
MIN,Minnesota,2004,Mike Tice,Ted Cottrell
MIN,Minnesota,2004,Scott Linehan,Ted Cottrell
MIN,Minnesota,2003,Mike Tice,George O'Leary
MIN,Minnesota,2003,Mike Tice,Scott Linehan
MIN,Minnesota,2003,Scott Linehan,George O'Leary
MIN,Minnesota,2002,Mike Tice,Scott Linehan
MIN,Minnesota,2002,Mike Tice,Willie Shaw
MIN,Minnesota,2002,Scott Linehan,Willie Shaw
MIN,Minnesota,2001,Dennis Green,Emmitt Thomas
MIN,Minnesota,2001,Dennis Green,Sherman Lewis
MIN,Minnesota,2001,Mike Tice,Emmitt Thomas
MIN,Minnesota,2001,Mike Tice,Sherman Lewis
MIN,Minnesota,2001,Sherman Lewis,Emmitt Thomas
MIN,Minnesota,2001,Sherman Lewis,Emmitt Thomas
MIN,Minnesota,2000,Dennis Green,Emmitt Thomas
MIN,Minnesota,2000,Dennis Green,Sherman Lewis
MIN,Minnesota,2000,Sherman Lewis,Emmitt Thomas
NE,New England,2014,Bill Belichick,Josh McDaniels
NE,New England,2014,Bill Belichick,Matt Patricia
NE,New England,2014,Josh McDaniels,Matt Patricia
NE,New England,2013,Bill Belichick,Josh McDaniels
NE,New England,2013,Bill Belichick,Matt Patricia
NE,New England,2013,Josh McDaniels,Matt Patricia
NE,New England,2012,Bill Belichick,Josh McDaniels
NE,New England,2012,Bill Belichick,Matt Patricia
NE,New England,2012,Josh McDaniels,Matt Patricia
NE,New England,2011,Bill Belichick,Bill O'Brien
NE,New England,2011,Bill Belichick,Matt Patricia
NE,New England,2011,Bill O'Brien,Matt Patricia
NE,New England,2009,Bill Belichick,Dean Pees
NE,New England,2008,Bill Belichick,Dean Pees
NE,New England,2008,Bill Belichick,Josh McDaniels
NE,New England,2008,Josh McDaniels,Dean Pees
NE,New England,2007,Bill Belichick,Dean Pees
NE,New England,2007,Bill Belichick,Josh McDaniels
NE,New England,2007,Josh McDaniels,Dean Pees
NE,New England,2006,Bill Belichick,Dean Pees
NE,New England,2006,Bill Belichick,Josh McDaniels
NE,New England,2006,Josh McDaniels,Dean Pees
NE,New England,2005,Bill Belichick,Eric Mangini
NE,New England,2004,Bill Belichick,Charlie Weis
NE,New England,2004,Bill Belichick,Romeo Crennel
NE,New England,2004,Charlie Weis,Romeo Crennel
NE,New England,2003,Bill Belichick,Charlie Weis
NE,New England,2003,Bill Belichick,Romeo Crennel
NE,New England,2003,Charlie Weis,Romeo Crennel
NE,New England,2002,Bill Belichick,Charlie Weis
NE,New England,2002,Bill Belichick,Romeo Crennel
NE,New England,2002,Charlie Weis,Romeo Crennel
NE,New England,2001,Bill Belichick,Charlie Weis
NE,New England,2001,Bill Belichick,Romeo Crennel
NE,New England,2001,Charlie Weis,Romeo Crennel
NE,New England,2000,Bill Belichick,Charlie Weis
NO,New Orleans,2014,Pete Carmichael,Rob Ryan
NO,New Orleans,2014,Sean Payton,Pete Carmichael
NO,New Orleans,2014,Sean Payton,Rob Ryan
NO,New Orleans,2013,Pete Carmichael,Rob Ryan
NO,New Orleans,2013,Sean Payton,Pete Carmichael
NO,New Orleans,2013,Sean Payton,Rob Ryan
NO,New Orleans,2012,Aaron Kromer,Pete Carmichael
NO,New Orleans,2012,Aaron Kromer,Rob Ryan
NO,New Orleans,2012,Joe Vitt,Pete Carmichael
NO,New Orleans,2012,Joe Vitt,Rob Ryan
NO,New Orleans,2012,Pete Carmichael,Rob Ryan
NO,New Orleans,2012,Pete Carmichael,Rob Ryan
NO,New Orleans,2011,Pete Carmichael,Gregg Williams
NO,New Orleans,2011,Sean Payton,Gregg Williams
NO,New Orleans,2011,Sean Payton,Pete Carmichael
NO,New Orleans,2010,Pete Carmichael,Gregg Williams
NO,New Orleans,2010,Sean Payton,Gregg Williams
NO,New Orleans,2010,Sean Payton,Pete Carmichael
NO,New Orleans,2009,Pete Carmichael,Gregg Williams
NO,New Orleans,2009,Sean Payton,Gregg Williams
NO,New Orleans,2009,Sean Payton,Pete Carmichael
NO,New Orleans,2008,Doug Marrone,Gary Gibbs
NO,New Orleans,2008,Sean Payton,Doug Marrone
NO,New Orleans,2008,Sean Payton,Gary Gibbs
NO,New Orleans,2007,Doug Marrone,Gary Gibbs
NO,New Orleans,2007,Sean Payton,Doug Marrone
NO,New Orleans,2007,Sean Payton,Gary Gibbs
NO,New Orleans,2006,Doug Marrone,Gary Gibbs
NO,New Orleans,2006,Sean Payton,Doug Marrone
NO,New Orleans,2006,Sean Payton,Gary Gibbs
NO,New Orleans,2005,Jim Haslett,Mike Sheppard
NO,New Orleans,2005,Jim Haslett,Rick Venturi
NO,New Orleans,2005,Mike Sheppard,Rick Venturi
NO,New Orleans,2004,Jim Haslett,Mike McCarthy
NO,New Orleans,2004,Jim Haslett,Rick Venturi
NO,New Orleans,2004,Mike McCarthy,Rick Venturi
NO,New Orleans,2003,Jim Haslett,Mike McCarthy
NO,New Orleans,2003,Jim Haslett,Rick Venturi
NO,New Orleans,2003,Mike McCarthy,Rick Venturi
NO,New Orleans,2002,Jim Haslett,Mike McCarthy
NO,New Orleans,2002,Jim Haslett,Rick Venturi
NO,New Orleans,2002,Mike McCarthy,Rick Venturi
NO,New Orleans,2001,Jim Haslett,Mike McCarthy
NO,New Orleans,2001,Jim Haslett,Ron Zook
NO,New Orleans,2001,Mike McCarthy,Ron Zook
NO,New Orleans,2000,Jim Haslett,Mike McCarthy
NO,New Orleans,2000,Jim Haslett,Ron Zook
NO,New Orleans,2000,Mike McCarthy,Ron Zook
NYG,NY Giants,2014,Ben McAdoo,Perry Fewell
NYG,NY Giants,2014,Tom Coughlin,Ben McAdoo
NYG,NY Giants,2014,Tom Coughlin,Perry Fewell
NYG,NY Giants,2013,Kevin Gilbride,Perry Fewell
NYG,NY Giants,2013,Tom Coughlin,Kevin Gilbride
NYG,NY Giants,2013,Tom Coughlin,Perry Fewell
NYG,NY Giants,2012,Kevin Gilbride,Perry Fewell
NYG,NY Giants,2012,Tom Coughlin,Kevin Gilbride
NYG,NY Giants,2012,Tom Coughlin,Perry Fewell
NYG,NY Giants,2011,Kevin Gilbride,Perry Fewell
NYG,NY Giants,2011,Tom Coughlin,Kevin Gilbride
NYG,NY Giants,2011,Tom Coughlin,Perry Fewell
NYG,NY Giants,2010,Kevin Gilbride,Perry Fewell
NYG,NY Giants,2010,Tom Coughlin,Kevin Gilbride
NYG,NY Giants,2010,Tom Coughlin,Perry Fewell
NYG,NY Giants,2009,Kevin Gilbride,Bill Sheridan
NYG,NY Giants,2009,Tom Coughlin,Bill Sheridan
NYG,NY Giants,2009,Tom Coughlin,Kevin Gilbride
NYG,NY Giants,2008,Kevin Gilbride,Steve Spagnuolo
NYG,NY Giants,2008,Tom Coughlin,Kevin Gilbride
NYG,NY Giants,2008,Tom Coughlin,Steve Spagnuolo
NYG,NY Giants,2007,Kevin Gilbride,Steve Spagnuolo
NYG,NY Giants,2007,Tom Coughlin,Kevin Gilbride
NYG,NY Giants,2007,Tom Coughlin,Steve Spagnuolo
NYG,NY Giants,2006,John Hufnagel,Tim Lewis
NYG,NY Giants,2006,Tom Coughlin,John Hufnagel
NYG,NY Giants,2006,Tom Coughlin,Tim Lewis
NYG,NY Giants,2005,John Hufnagel,Tim Lewis
NYG,NY Giants,2005,Tom Coughlin,John Hufnagel
NYG,NY Giants,2005,Tom Coughlin,Tim Lewis
NYG,NY Giants,2004,John Hufnagel,Tim Lewis
NYG,NY Giants,2004,Tom Coughlin,John Hufnagel
NYG,NY Giants,2004,Tom Coughlin,Tim Lewis
NYG,NY Giants,2003,Jim Fassel,Johnny Lynn
NYG,NY Giants,2002,Jim Fassel,Johnny Lynn
NYG,NY Giants,2002,Jim Fassel,Sean Payton
NYG,NY Giants,2002,Sean Payton,Johnny Lynn
NYG,NY Giants,2001,Jim Fassel,John Fox
NYG,NY Giants,2001,Jim Fassel,Sean Payton
NYG,NY Giants,2001,Sean Payton,John Fox
NYG,NY Giants,2000,Jim Fassel,John Fox
NYG,NY Giants,2000,Jim Fassel,Sean Payton
NYG,NY Giants,2000,Sean Payton,John Fox
NYJ,NY Jets,2014,Marty Mornhinweg,Dennis Thurman
NYJ,NY Jets,2014,Rex Ryan,Dennis Thurman
NYJ,NY Jets,2014,Rex Ryan,Marty Mornhinweg
NYJ,NY Jets,2013,Marty Mornhinweg,Dennis Thurman
NYJ,NY Jets,2013,Rex Ryan,Dennis Thurman
NYJ,NY Jets,2013,Rex Ryan,Marty Mornhinweg
NYJ,NY Jets,2012,Rex Ryan,Mike Pettine
NYJ,NY Jets,2012,Rex Ryan,Tony Sparano
NYJ,NY Jets,2012,Tony Sparano,Mike Pettine
NYJ,NY Jets,2011,Brian Schottenheimer,Mike Pettine
NYJ,NY Jets,2011,Rex Ryan,Brian Schottenheimer
NYJ,NY Jets,2011,Rex Ryan,Mike Pettine
NYJ,NY Jets,2010,Brian Schottenheimer,Mike Pettine
NYJ,NY Jets,2010,Rex Ryan,Brian Schottenheimer
NYJ,NY Jets,2010,Rex Ryan,Mike Pettine
NYJ,NY Jets,2009,Brian Schottenheimer,Mike Pettine
NYJ,NY Jets,2009,Rex Ryan,Brian Schottenheimer
NYJ,NY Jets,2009,Rex Ryan,Mike Pettine
NYJ,NY Jets,2008,Brian Schottenheimer,Bob Sutton
NYJ,NY Jets,2008,Eric Mangini,Bob Sutton
NYJ,NY Jets,2008,Eric Mangini,Brian Schottenheimer
NYJ,NY Jets,2007,Brian Schottenheimer,Bob Sutton
NYJ,NY Jets,2007,Eric Mangini,Bob Sutton
NYJ,NY Jets,2007,Eric Mangini,Brian Schottenheimer
NYJ,NY Jets,2006,Brian Schottenheimer,Bob Sutton
NYJ,NY Jets,2006,Eric Mangini,Bob Sutton
NYJ,NY Jets,2006,Eric Mangini,Brian Schottenheimer
NYJ,NY Jets,2005,Herman Edwards,Donnie Henderson
NYJ,NY Jets,2005,Herman Edwards,Mike Heimerdinger
NYJ,NY Jets,2005,Mike Heimerdinger,Donnie Henderson
NYJ,NY Jets,2004,Herman Edwards,Donnie Henderson
NYJ,NY Jets,2004,Herman Edwards,Paul Hackett
NYJ,NY Jets,2004,Paul Hackett,Donnie Henderson
NYJ,NY Jets,2003,Herman Edwards,Paul Hackett
NYJ,NY Jets,2003,Herman Edwards,Ted Cottrell
NYJ,NY Jets,2003,Paul Hackett,Ted Cottrell
NYJ,NY Jets,2002,Herman Edwards,Paul Hackett
NYJ,NY Jets,2002,Herman Edwards,Ted Cottrell
NYJ,NY Jets,2002,Paul Hackett,Ted Cottrell
NYJ,NY Jets,2001,Herman Edwards,Paul Hackett
NYJ,NY Jets,2001,Herman Edwards,Ted Cottrell
NYJ,NY Jets,2001,Paul Hackett,Ted Cottrell
NYJ,NY Jets,2000,Al Groh,Dan Henning
NYJ,NY Jets,2000,Al Groh,Mike Nolan
NYJ,NY Jets,2000,Dan Henning,Mike Nolan
OAK,Oakland,2014,Dennis Allen,Greg Olson
OAK,Oakland,2014,Dennis Allen,Jason Tarver
OAK,Oakland,2014,Greg Olson,Jason Tarver
OAK,Oakland,2014,Greg Olson,Jason Tarver
OAK,Oakland,2014,Tony Sparano,Greg Olson
OAK,Oakland,2014,Tony Sparano,Jason Tarver
OAK,Oakland,2013,Dennis Allen,Greg Olson
OAK,Oakland,2013,Dennis Allen,Jason Tarver
OAK,Oakland,2013,Greg Olson,Jason Tarver
OAK,Oakland,2012,Dennis Allen,Greg Knapp
OAK,Oakland,2012,Dennis Allen,Jason Tarver
OAK,Oakland,2012,Greg Knapp,Jason Tarver
OAK,Oakland,2011,Al Saunders,Chuck Bresnahan
OAK,Oakland,2011,Hue Jackson,Al Saunders
OAK,Oakland,2011,Hue Jackson,Chuck Bresnahan
OAK,Oakland,2010,Hue Jackson,John Marshall
OAK,Oakland,2010,Tom Cable,Hue Jackson
OAK,Oakland,2010,Tom Cable,John Marshall
OAK,Oakland,2009,Tom Cable,John Marshall
OAK,Oakland,2008,Greg Knapp,Rob Ryan
OAK,Oakland,2008,Greg Knapp,Rob Ryan
OAK,Oakland,2008,Lane Kiffin,Greg Knapp
OAK,Oakland,2008,Lane Kiffin,Rob Ryan
OAK,Oakland,2008,Tom Cable,Greg Knapp
OAK,Oakland,2008,Tom Cable,Rob Ryan
OAK,Oakland,2007,Greg Knapp,Rob Ryan
OAK,Oakland,2007,Lane Kiffin,Greg Knapp
OAK,Oakland,2007,Lane Kiffin,Rob Ryan
OAK,Oakland,2006,Art Shell,John Shoop
OAK,Oakland,2006,Art Shell,Rob Ryan
OAK,Oakland,2006,Art Shell,Rob Ryan
OAK,Oakland,2006,Art Shell,Tom Walsh
OAK,Oakland,2006,John Shoop,Rob Ryan
OAK,Oakland,2006,Tom Walsh,Rob Ryan
OAK,Oakland,2005,Jimmy Raye,Rob Ryan
OAK,Oakland,2005,Norv Turner,Jimmy Raye
OAK,Oakland,2005,Norv Turner,Rob Ryan
OAK,Oakland,2004,Jimmy Raye,Rob Ryan
OAK,Oakland,2004,Norv Turner,Jimmy Raye
OAK,Oakland,2004,Norv Turner,Rob Ryan
OAK,Oakland,2003,Bill Callahan,Chuck Bresnahan
OAK,Oakland,2003,Bill Callahan,Marc Trestman
OAK,Oakland,2003,Marc Trestman,Chuck Bresnahan
OAK,Oakland,2002,Bill Callahan,Chuck Bresnahan
OAK,Oakland,2002,Bill Callahan,Marc Trestman
OAK,Oakland,2002,Marc Trestman,Chuck Bresnahan
OAK,Oakland,2001,Bill Callahan,Chuck Bresnahan
OAK,Oakland,2001,Jon Gruden,Bill Callahan
OAK,Oakland,2001,Jon Gruden,Chuck Bresnahan
OAK,Oakland,2000,Bill Callahan,Chuck Bresnahan
OAK,Oakland,2000,Jon Gruden,Bill Callahan
OAK,Oakland,2000,Jon Gruden,Chuck Bresnahan
PHI,Philadelphia,2014,Chip Kelly,Bill Davis
PHI,Philadelphia,2014,Chip Kelly,Pat Shurmur
PHI,Philadelphia,2014,Pat Shurmur,Bill Davis
PHI,Philadelphia,2013,Chip Kelly,Bill Davis
PHI,Philadelphia,2013,Chip Kelly,Pat Shurmur
PHI,Philadelphia,2013,Pat Shurmur,Bill Davis
PHI,Philadelphia,2012,Andy Reid,Juan Castillo
PHI,Philadelphia,2012,Andy Reid,Marty Mornhinweg
PHI,Philadelphia,2012,Andy Reid,Marty Mornhinweg
PHI,Philadelphia,2012,Andy Reid,Todd Bowles
PHI,Philadelphia,2012,Marty Mornhinweg,Juan Castillo
PHI,Philadelphia,2012,Marty Mornhinweg,Todd Bowles
PHI,Philadelphia,2011,Andy Reid,Juan Castillo
PHI,Philadelphia,2011,Andy Reid,Marty Mornhinweg
PHI,Philadelphia,2011,Marty Mornhinweg,Juan Castillo
PHI,Philadelphia,2010,Andy Reid,Marty Mornhinweg
PHI,Philadelphia,2010,Andy Reid,Sean McDermott
PHI,Philadelphia,2010,Marty Mornhinweg,Sean McDermott
PHI,Philadelphia,2009,Andy Reid,Marty Mornhinweg
PHI,Philadelphia,2009,Andy Reid,Sean McDermott
PHI,Philadelphia,2009,Marty Mornhinweg,Sean McDermott
PHI,Philadelphia,2008,Andy Reid,Jim Johnson
PHI,Philadelphia,2008,Andy Reid,Marty Mornhinweg
PHI,Philadelphia,2008,Marty Mornhinweg,Jim Johnson
PHI,Philadelphia,2007,Andy Reid,Jim Johnson
PHI,Philadelphia,2007,Andy Reid,Marty Mornhinweg
PHI,Philadelphia,2007,Marty Mornhinweg,Jim Johnson
PHI,Philadelphia,2006,Andy Reid,Jim Johnson
PHI,Philadelphia,2006,Andy Reid,Marty Mornhinweg
PHI,Philadelphia,2006,Marty Mornhinweg,Jim Johnson
PHI,Philadelphia,2005,Andy Reid,Brad Childress
PHI,Philadelphia,2005,Andy Reid,Jim Johnson
PHI,Philadelphia,2005,Brad Childress,Jim Johnson
PHI,Philadelphia,2004,Andy Reid,Brad Childress
PHI,Philadelphia,2004,Andy Reid,Jim Johnson
PHI,Philadelphia,2004,Brad Childress,Jim Johnson
PHI,Philadelphia,2003,Andy Reid,Brad Childress
PHI,Philadelphia,2003,Andy Reid,Jim Johnson
PHI,Philadelphia,2003,Brad Childress,Jim Johnson
PHI,Philadelphia,2002,Andy Reid,Brad Childress
PHI,Philadelphia,2002,Andy Reid,Jim Johnson
PHI,Philadelphia,2002,Brad Childress,Jim Johnson
PHI,Philadelphia,2001,Andy Reid,Jim Johnson
PHI,Philadelphia,2001,Andy Reid,Rod Dowhower
PHI,Philadelphia,2001,Rod Dowhower,Jim Johnson
PHI,Philadelphia,2000,Andy Reid,Jim Johnson
PHI,Philadelphia,2000,Andy Reid,Rod Dowhower
PHI,Philadelphia,2000,Rod Dowhower,Jim Johnson
PIT,Pittsburgh,2014,Mike Tomlin,Dick LeBeau
PIT,Pittsburgh,2014,Mike Tomlin,Todd Haley
PIT,Pittsburgh,2014,Todd Haley,Dick LeBeau
PIT,Pittsburgh,2013,Mike Tomlin,Dick LeBeau
PIT,Pittsburgh,2013,Mike Tomlin,Todd Haley
PIT,Pittsburgh,2013,Todd Haley,Dick LeBeau
PIT,Pittsburgh,2012,Mike Tomlin,Dick LeBeau
PIT,Pittsburgh,2012,Mike Tomlin,Todd Haley
PIT,Pittsburgh,2012,Todd Haley,Dick LeBeau
PIT,Pittsburgh,2011,Bruce Arians,Dick LeBeau
PIT,Pittsburgh,2011,Mike Tomlin,Bruce Arians
PIT,Pittsburgh,2011,Mike Tomlin,Dick LeBeau
PIT,Pittsburgh,2010,Bruce Arians,Dick LeBeau
PIT,Pittsburgh,2010,Mike Tomlin,Bruce Arians
PIT,Pittsburgh,2010,Mike Tomlin,Dick LeBeau
PIT,Pittsburgh,2009,Bruce Arians,Dick LeBeau
PIT,Pittsburgh,2009,Mike Tomlin,Bruce Arians
PIT,Pittsburgh,2009,Mike Tomlin,Dick LeBeau
PIT,Pittsburgh,2008,Bruce Arians,Dick LeBeau
PIT,Pittsburgh,2008,Mike Tomlin,Bruce Arians
PIT,Pittsburgh,2008,Mike Tomlin,Dick LeBeau
PIT,Pittsburgh,2007,Bruce Arians,Dick LeBeau
PIT,Pittsburgh,2007,Mike Tomlin,Bruce Arians
PIT,Pittsburgh,2007,Mike Tomlin,Dick LeBeau
PIT,Pittsburgh,2006,Bill Cowher,Dick LeBeau
PIT,Pittsburgh,2006,Bill Cowher,Ken Whisenhunt
PIT,Pittsburgh,2006,Ken Whisenhunt,Dick LeBeau
PIT,Pittsburgh,2005,Bill Cowher,Dick LeBeau
PIT,Pittsburgh,2005,Bill Cowher,Ken Whisenhunt
PIT,Pittsburgh,2005,Ken Whisenhunt,Dick LeBeau
PIT,Pittsburgh,2004,Bill Cowher,Dick LeBeau
PIT,Pittsburgh,2004,Bill Cowher,Ken Whisenhunt
PIT,Pittsburgh,2004,Ken Whisenhunt,Dick LeBeau
PIT,Pittsburgh,2003,Bill Cowher,Mike Mularkey
PIT,Pittsburgh,2003,Bill Cowher,Tim Lewis
PIT,Pittsburgh,2003,Mike Mularkey,Tim Lewis
PIT,Pittsburgh,2002,Bill Cowher,Mike Mularkey
PIT,Pittsburgh,2002,Bill Cowher,Tim Lewis
PIT,Pittsburgh,2002,Mike Mularkey,Tim Lewis
PIT,Pittsburgh,2001,Bill Cowher,Mike Mularkey
PIT,Pittsburgh,2001,Bill Cowher,Tim Lewis
PIT,Pittsburgh,2001,Mike Mularkey,Tim Lewis
PIT,Pittsburgh,2000,Bill Cowher,Kevin Gilbride
PIT,Pittsburgh,2000,Bill Cowher,Tim Lewis
PIT,Pittsburgh,2000,Kevin Gilbride,Tim Lewis
SD,San Diego,2014,Frank Reich,John Pagano
SD,San Diego,2014,Mike McCoy,Frank Reich
SD,San Diego,2014,Mike McCoy,John Pagano
SD,San Diego,2013,Ken Whisenhunt,John Pagano
SD,San Diego,2013,Mike McCoy,John Pagano
SD,San Diego,2013,Mike McCoy,Ken Whisenhunt
SD,San Diego,2012,Hal Hunter,John Pagano
SD,San Diego,2012,Norv Turner,Hal Hunter
SD,San Diego,2012,Norv Turner,John Pagano
SD,San Diego,2011,Clarence Shelmon,Greg Manusky
SD,San Diego,2011,Norv Turner,Clarence Shelmon
SD,San Diego,2011,Norv Turner,Greg Manusky
SD,San Diego,2010,Clarence Shelmon,Ron Rivera
SD,San Diego,2010,Norv Turner,Clarence Shelmon
SD,San Diego,2010,Norv Turner,Ron Rivera
SD,San Diego,2009,Clarence Shelmon,Ron Rivera
SD,San Diego,2009,Norv Turner,Clarence Shelmon
SD,San Diego,2009,Norv Turner,Ron Rivera
SD,San Diego,2008,Clarence Shelmon,Ron Rivera
SD,San Diego,2008,Clarence Shelmon,Ted Cottrell
SD,San Diego,2008,Norv Turner,Clarence Shelmon
SD,San Diego,2008,Norv Turner,Clarence Shelmon
SD,San Diego,2008,Norv Turner,Ron Rivera
SD,San Diego,2008,Norv Turner,Ted Cottrell
SD,San Diego,2007,Clarence Shelmon,Ted Cottrell
SD,San Diego,2007,Norv Turner,Clarence Shelmon
SD,San Diego,2007,Norv Turner,Ted Cottrell
SD,San Diego,2006,Cam Cameron,Wade Phillips
SD,San Diego,2006,Marty Schottenheimer,Cam Cameron
SD,San Diego,2006,Marty Schottenheimer,Wade Phillips
SD,San Diego,2005,Cam Cameron,Wade Phillips
SD,San Diego,2005,Marty Schottenheimer,Cam Cameron
SD,San Diego,2005,Marty Schottenheimer,Wade Phillips
SD,San Diego,2004,Cam Cameron,Wade Phillips
SD,San Diego,2004,Marty Schottenheimer,Cam Cameron
SD,San Diego,2004,Marty Schottenheimer,Wade Phillips
SD,San Diego,2003,Cam Cameron,Dale Lindsey
SD,San Diego,2003,Marty Schottenheimer,Cam Cameron
SD,San Diego,2003,Marty Schottenheimer,Dale Lindsey
SD,San Diego,2002,Cam Cameron,Dale Lindsey
SD,San Diego,2002,Marty Schottenheimer,Cam Cameron
SD,San Diego,2002,Marty Schottenheimer,Dale Lindsey
SD,San Diego,2001,Mike Riley,Jim Vechiarella
SD,San Diego,2001,Mike Riley,Joe Pascale
SD,San Diego,2001,Mike Riley,Mark Banker
SD,San Diego,2001,Mike Riley,Norv Turner
SD,San Diego,2001,Mike Riley,Norv Turner
SD,San Diego,2001,Mike Riley,Norv Turner
SD,San Diego,2001,Norv Turner,Jim Vechiarella
SD,San Diego,2001,Norv Turner,Joe Pascale
SD,San Diego,2001,Norv Turner,Mark Banker
SD,San Diego,2000,Geep Chryst,Joe Pascale
SD,San Diego,2000,Mike Riley,Geep Chryst
SD,San Diego,2000,Mike Riley,Joe Pascale
SEA,Seattle,2014,Darrell Bevell,Dan Quinn
SEA,Seattle,2014,Pete Carroll,Dan Quinn
SEA,Seattle,2014,Pete Carroll,Darrell Bevell
SEA,Seattle,2013,Darrell Bevell,Dan Quinn
SEA,Seattle,2013,Pete Carroll,Dan Quinn
SEA,Seattle,2013,Pete Carroll,Darrell Bevell
SEA,Seattle,2012,Darrell Bevell,Gus Bradley
SEA,Seattle,2012,Pete Carroll,Darrell Bevell
SEA,Seattle,2012,Pete Carroll,Gus Bradley
SEA,Seattle,2011,Darrell Bevell,Gus Bradley
SEA,Seattle,2011,Pete Carroll,Darrell Bevell
SEA,Seattle,2011,Pete Carroll,Gus Bradley
SEA,Seattle,2010,Jeremy Bates,Gus Bradley
SEA,Seattle,2010,Pete Carroll,Gus Bradley
SEA,Seattle,2010,Pete Carroll,Jeremy Bates
SEA,Seattle,2009,Greg Knapp,Gus Bradley
SEA,Seattle,2009,Jim Mora,Greg Knapp
SEA,Seattle,2009,Jim Mora,Gus Bradley
SEA,Seattle,2008,Gil Haskell,John Marshall
SEA,Seattle,2008,Mike Holmgren,Gil Haskell
SEA,Seattle,2008,Mike Holmgren,John Marshall
SEA,Seattle,2007,Gil Haskell,John Marshall
SEA,Seattle,2007,Mike Holmgren,Gil Haskell
SEA,Seattle,2007,Mike Holmgren,John Marshall
SEA,Seattle,2006,Gil Haskell,John Marshall
SEA,Seattle,2006,Mike Holmgren,Gil Haskell
SEA,Seattle,2006,Mike Holmgren,John Marshall
SEA,Seattle,2005,Gil Haskell,John Marshall
SEA,Seattle,2005,Gil Haskell,Ray Rhodes
SEA,Seattle,2005,Mike Holmgren,Gil Haskell
SEA,Seattle,2005,Mike Holmgren,Gil Haskell
SEA,Seattle,2005,Mike Holmgren,John Marshall
SEA,Seattle,2005,Mike Holmgren,Ray Rhodes
SEA,Seattle,2004,Gil Haskell,Ray Rhodes
SEA,Seattle,2004,Mike Holmgren,Gil Haskell
SEA,Seattle,2004,Mike Holmgren,Ray Rhodes
SEA,Seattle,2003,Gil Haskell,Ray Rhodes
SEA,Seattle,2003,Mike Holmgren,Gil Haskell
SEA,Seattle,2003,Mike Holmgren,Ray Rhodes
SEA,Seattle,2002,Gil Haskell,Steve Sidwell
SEA,Seattle,2002,Mike Holmgren,Gil Haskell
SEA,Seattle,2002,Mike Holmgren,Steve Sidwell
SEA,Seattle,2001,Gil Haskell,Steve Sidwell
SEA,Seattle,2001,Mike Holmgren,Gil Haskell
SEA,Seattle,2001,Mike Holmgren,Steve Sidwell
SEA,Seattle,2000,Gil Haskell,Steve Sidwell
SEA,Seattle,2000,Mike Holmgren,Gil Haskell
SEA,Seattle,2000,Mike Holmgren,Steve Sidwell
SF,San Francisco,2014,Greg Roman,Vic Fangio
SF,San Francisco,2014,Jim Harbaugh,Greg Roman
SF,San Francisco,2014,Jim Harbaugh,Vic Fangio
SF,San Francisco,2013,Greg Roman,Vic Fangio
SF,San Francisco,2013,Jim Harbaugh,Greg Roman
SF,San Francisco,2013,Jim Harbaugh,Vic Fangio
SF,San Francisco,2012,Greg Roman,Vic Fangio
SF,San Francisco,2012,Jim Harbaugh,Greg Roman
SF,San Francisco,2012,Jim Harbaugh,Vic Fangio
SF,San Francisco,2011,Greg Roman,Vic Fangio
SF,San Francisco,2011,Jim Harbaugh,Greg Roman
SF,San Francisco,2011,Jim Harbaugh,Vic Fangio
SF,San Francisco,2010,Jim Tomsula,Greg Manusky
SF,San Francisco,2010,Jim Tomsula,Jimmy Raye
SF,San Francisco,2010,Jimmy Raye,Greg Manusky
SF,San Francisco,2010,Jimmy Raye,Greg Manusky
SF,San Francisco,2010,Mike Singletary,Greg Manusky
SF,San Francisco,2010,Mike Singletary,Jimmy Raye
SF,San Francisco,2009,Jimmy Raye,Greg Manusky
SF,San Francisco,2009,Mike Singletary,Greg Manusky
SF,San Francisco,2009,Mike Singletary,Jimmy Raye
SF,San Francisco,2008,Mike Martz,Greg Manusky
SF,San Francisco,2008,Mike Martz,Greg Manusky
SF,San Francisco,2008,Mike Nolan,Greg Manusky
SF,San Francisco,2008,Mike Nolan,Mike Martz
SF,San Francisco,2008,Mike Singletary,Greg Manusky
SF,San Francisco,2008,Mike Singletary,Mike Martz
SF,San Francisco,2007,Jim Hostler,Greg Manusky
SF,San Francisco,2007,Mike Nolan,Greg Manusky
SF,San Francisco,2007,Mike Nolan,Jim Hostler
SF,San Francisco,2006,Mike Nolan,Bill Davis
SF,San Francisco,2006,Mike Nolan,Norv Turner
SF,San Francisco,2006,Norv Turner,Bill Davis
SF,San Francisco,2005,Mike McCarthy,Bill Davis
SF,San Francisco,2005,Mike Nolan,Bill Davis
SF,San Francisco,2005,Mike Nolan,Mike McCarthy
SF,San Francisco,2004,Dennis Erickson,Ted Tollner
SF,San Francisco,2004,Dennis Erickson,Willy Robinson
SF,San Francisco,2004,Ted Tollner,Willy Robinson
SF,San Francisco,2003,Dennis Erickson,Greg Knapp
SF,San Francisco,2003,Dennis Erickson,Jim Mora
SF,San Francisco,2003,Greg Knapp,Jim Mora
SF,San Francisco,2002,Greg Knapp,Jim Mora
SF,San Francisco,2002,Steve Mariucci,Greg Knapp
SF,San Francisco,2002,Steve Mariucci,Jim Mora
SF,San Francisco,2001,Greg Knapp,Jim Mora
SF,San Francisco,2001,Steve Mariucci,Greg Knapp
SF,San Francisco,2001,Steve Mariucci,Jim Mora
SF,San Francisco,2000,Marty Mornhinweg,Jim Mora
SF,San Francisco,2000,Steve Mariucci,Jim Mora
SF,San Francisco,2000,Steve Mariucci,Marty Mornhinweg
STL,St. Louis,2014,Brian Schottenheimer,Gregg Williams
STL,St. Louis,2014,Jeff Fisher,Brian Schottenheimer
STL,St. Louis,2014,Jeff Fisher,Gregg Williams
STL,St. Louis,2013,Brian Schottenheimer,Tim Walton
STL,St. Louis,2013,Jeff Fisher,Brian Schottenheimer
STL,St. Louis,2013,Jeff Fisher,Tim Walton
STL,St. Louis,2012,Jeff Fisher,Brian Schottenheimer
STL,St. Louis,2011,Josh McDaniels,Ken Flajole
STL,St. Louis,2011,Steve Spagnuolo,Josh McDaniels
STL,St. Louis,2011,Steve Spagnuolo,Ken Flajole
STL,St. Louis,2010,Pat Shurmur,Ken Flajole
STL,St. Louis,2010,Steve Spagnuolo,Ken Flajole
STL,St. Louis,2010,Steve Spagnuolo,Pat Shurmur
STL,St. Louis,2009,Pat Shurmur,Ken Flajole
STL,St. Louis,2009,Steve Spagnuolo,Ken Flajole
STL,St. Louis,2009,Steve Spagnuolo,Pat Shurmur
STL,St. Louis,2008,Al Saunders,Jim Haslett
STL,St. Louis,2008,Al Saunders,Rick Venturi
STL,St. Louis,2008,Jim Haslett,Al Saunders
STL,St. Louis,2008,Jim Haslett,Rick Venturi
STL,St. Louis,2008,Scott Linehan,Al Saunders
STL,St. Louis,2008,Scott Linehan,Jim Haslett
STL,St. Louis,2007,Greg Olson,Jim Haslett
STL,St. Louis,2007,Scott Linehan,Greg Olson
STL,St. Louis,2007,Scott Linehan,Jim Haslett
STL,St. Louis,2006,Greg Olson,Jim Haslett
STL,St. Louis,2006,Scott Linehan,Greg Olson
STL,St. Louis,2006,Scott Linehan,Jim Haslett
STL,St. Louis,2005,Joe Vitt,Larry Marmie
STL,St. Louis,2005,Joe Vitt,Steve Fairchild
STL,St. Louis,2005,Mike Martz,Larry Marmie
STL,St. Louis,2005,Mike Martz,Steve Fairchild
STL,St. Louis,2005,Steve Fairchild,Larry Marmie
STL,St. Louis,2005,Steve Fairchild,Larry Marmie
STL,St. Louis,2004,Mike Martz,Larry Marmie
STL,St. Louis,2004,Mike Martz,Steve Fairchild
STL,St. Louis,2004,Steve Fairchild,Larry Marmie
STL,St. Louis,2003,Mike Martz,Lovie Smith
STL,St. Louis,2003,Mike Martz,Steve Fairchild
STL,St. Louis,2003,Steve Fairchild,Lovie Smith
STL,St. Louis,2002,Bobby Jackson,Lovie Smith
STL,St. Louis,2002,Mike Martz,Bobby Jackson
STL,St. Louis,2002,Mike Martz,Lovie Smith
STL,St. Louis,2001,Bobby Jackson,Lovie Smith
STL,St. Louis,2001,Mike Martz,Bobby Jackson
STL,St. Louis,2001,Mike Martz,Lovie Smith
STL,St. Louis,2000,Bobby Jackson,Peter Giunta
STL,St. Louis,2000,Mike Martz,Bobby Jackson
STL,St. Louis,2000,Mike Martz,Peter Giunta
TB,Tampa Bay,2014,Jeff Tedford,Leslie Frazier
TB,Tampa Bay,2014,Lovie Smith,Jeff Tedford
TB,Tampa Bay,2014,Lovie Smith,Leslie Frazier
TB,Tampa Bay,2013,Greg Schiano,Bill Sheridan
TB,Tampa Bay,2013,Greg Schiano,Mike Sullivan
TB,Tampa Bay,2013,Mike Sullivan,Bill Sheridan
TB,Tampa Bay,2012,Greg Schiano,Bill Sheridan
TB,Tampa Bay,2012,Greg Schiano,Mike Sullivan
TB,Tampa Bay,2012,Mike Sullivan,Bill Sheridan
TB,Tampa Bay,2011,Greg Olson,Keith Millard
TB,Tampa Bay,2011,Raheem Morris,Greg Olson
TB,Tampa Bay,2011,Raheem Morris,Keith Millard
TB,Tampa Bay,2010,Raheem Morris,Greg Olson
TB,Tampa Bay,2009,Raheem Morris,Greg Olson
TB,Tampa Bay,2008,Bill Muir,Monte Kiffin
TB,Tampa Bay,2008,Jon Gruden,Bill Muir
TB,Tampa Bay,2008,Jon Gruden,Monte Kiffin
TB,Tampa Bay,2007,Bill Muir,Monte Kiffin
TB,Tampa Bay,2007,Jon Gruden,Bill Muir
TB,Tampa Bay,2007,Jon Gruden,Monte Kiffin
TB,Tampa Bay,2006,Bill Muir,Monte Kiffin
TB,Tampa Bay,2006,Jon Gruden,Bill Muir
TB,Tampa Bay,2006,Jon Gruden,Monte Kiffin
TB,Tampa Bay,2005,Bill Muir,Monte Kiffin
TB,Tampa Bay,2005,Jon Gruden,Bill Muir
TB,Tampa Bay,2005,Jon Gruden,Monte Kiffin
TB,Tampa Bay,2004,Bill Muir,Monte Kiffin
TB,Tampa Bay,2004,Jon Gruden,Bill Muir
TB,Tampa Bay,2004,Jon Gruden,Monte Kiffin
TB,Tampa Bay,2003,Bill Muir,Monte Kiffin
TB,Tampa Bay,2003,Jon Gruden,Bill Muir
TB,Tampa Bay,2003,Jon Gruden,Monte Kiffin
TB,Tampa Bay,2002,Bill Muir,Monte Kiffin
TB,Tampa Bay,2002,Jon Gruden,Bill Muir
TB,Tampa Bay,2002,Jon Gruden,Monte Kiffin
TB,Tampa Bay,2001,Clyde Christensen,Monte Kiffin
TB,Tampa Bay,2001,Tony Dungy,Clyde Christensen
TB,Tampa Bay,2001,Tony Dungy,Monte Kiffin
TB,Tampa Bay,2000,Les Steckel,Monte Kiffin
TB,Tampa Bay,2000,Tony Dungy,Les Steckel
TB,Tampa Bay,2000,Tony Dungy,Monte Kiffin
TEN,Tennessee,2014,Jason Michael,Ray Horton
TEN,Tennessee,2014,Ken Whisenhunt,Jason Michael
TEN,Tennessee,2014,Ken Whisenhunt,Ray Horton
TEN,Tennessee,2013,Dowell Loggains,Jerry Gray
TEN,Tennessee,2013,Mike Munchak,Dowell Loggains
TEN,Tennessee,2013,Mike Munchak,Jerry Gray
TEN,Tennessee,2012,Chris Palmer,Jerry Gray
TEN,Tennessee,2012,Mike Munchak,Chris Palmer
TEN,Tennessee,2012,Mike Munchak,Jerry Gray
TEN,Tennessee,2011,Chris Palmer,Jerry Gray
TEN,Tennessee,2011,Mike Munchak,Chris Palmer
TEN,Tennessee,2011,Mike Munchak,Jerry Gray
TEN,Tennessee,2010,Jeff Fisher,Chuck Cecil
TEN,Tennessee,2010,Jeff Fisher,Mike Heimerdinger
TEN,Tennessee,2010,Mike Heimerdinger,Chuck Cecil
TEN,Tennessee,2009,Jeff Fisher,Chuck Cecil
TEN,Tennessee,2009,Jeff Fisher,Mike Heimerdinger
TEN,Tennessee,2009,Mike Heimerdinger,Chuck Cecil
TEN,Tennessee,2008,Jeff Fisher,Jim Schwartz
TEN,Tennessee,2008,Jeff Fisher,Mike Heimerdinger
TEN,Tennessee,2008,Mike Heimerdinger,Jim Schwartz
TEN,Tennessee,2007,Jeff Fisher,Jim Schwartz
TEN,Tennessee,2007,Jeff Fisher,Norm Chow
TEN,Tennessee,2007,Norm Chow,Jim Schwartz
TEN,Tennessee,2006,Jeff Fisher,Jim Schwartz
TEN,Tennessee,2006,Jeff Fisher,Norm Chow
TEN,Tennessee,2006,Norm Chow,Jim Schwartz
TEN,Tennessee,2005,Jeff Fisher,Jim Schwartz
TEN,Tennessee,2005,Jeff Fisher,Norm Chow
TEN,Tennessee,2005,Norm Chow,Jim Schwartz
TEN,Tennessee,2004,Jeff Fisher,Jim Schwartz
TEN,Tennessee,2004,Jeff Fisher,Mike Heimerdinger
TEN,Tennessee,2004,Mike Heimerdinger,Jim Schwartz
TEN,Tennessee,2003,Jeff Fisher,Jim Schwartz
TEN,Tennessee,2003,Jeff Fisher,Mike Heimerdinger
TEN,Tennessee,2003,Mike Heimerdinger,Jim Schwartz
TEN,Tennessee,2002,Jeff Fisher,Jim Schwartz
TEN,Tennessee,2002,Jeff Fisher,Mike Heimerdinger
TEN,Tennessee,2002,Mike Heimerdinger,Jim Schwartz
TEN,Tennessee,2001,Jeff Fisher,Jim Schwartz
TEN,Tennessee,2001,Jeff Fisher,Mike Heimerdinger
TEN,Tennessee,2001,Mike Heimerdinger,Jim Schwartz
TEN,Tennessee,2000,Jeff Fisher,Gregg Williams
TEN,Tennessee,2000,Jeff Fisher,Mike Heimerdinger
TEN,Tennessee,2000,Mike Heimerdinger,Gregg Williams
WSH,Washington,2014,Jay Gruden,Jim Haslett
WSH,Washington,2014,Jay Gruden,Sean McVay
WSH,Washington,2014,Sean McVay,Jim Haslett
WSH,Washington,2013,Kyle Shanahan,Jim Haslett
WSH,Washington,2013,Mike Shanahan,Jim Haslett
WSH,Washington,2013,Mike Shanahan,Kyle Shanahan
WSH,Washington,2012,Kyle Shanahan,Jim Haslett
WSH,Washington,2012,Mike Shanahan,Jim Haslett
WSH,Washington,2012,Mike Shanahan,Kyle Shanahan
WSH,Washington,2011,Kyle Shanahan,Jim Haslett
WSH,Washington,2011,Mike Shanahan,Jim Haslett
WSH,Washington,2011,Mike Shanahan,Kyle Shanahan
WSH,Washington,2010,Kyle Shanahan,Jim Haslett
WSH,Washington,2010,Mike Shanahan,Jim Haslett
WSH,Washington,2010,Mike Shanahan,Kyle Shanahan
WSH,Washington,2009,Jim Zorn,Greg Blache
WSH,Washington,2009,Jim Zorn,Sherman Smith
WSH,Washington,2009,Sherman Smith,Greg Blache
WSH,Washington,2008,Jim Zorn,Greg Blache
WSH,Washington,2008,Jim Zorn,Sherman Smith
WSH,Washington,2008,Sherman Smith,Greg Blache
WSH,Washington,2007,Al Saunders,Gregg Williams
WSH,Washington,2007,Don Breaux,Gregg Williams
WSH,Washington,2007,Joe Gibbs,Al Saunders
WSH,Washington,2007,Joe Gibbs,Don Breaux
WSH,Washington,2007,Joe Gibbs,Gregg Williams
WSH,Washington,2007,Joe Gibbs,Gregg Williams
WSH,Washington,2006,Al Saunders,Gregg Williams
WSH,Washington,2006,Don Breaux,Gregg Williams
WSH,Washington,2006,Joe Gibbs,Al Saunders
WSH,Washington,2006,Joe Gibbs,Don Breaux
WSH,Washington,2006,Joe Gibbs,Gregg Williams
WSH,Washington,2006,Joe Gibbs,Gregg Williams
WSH,Washington,2005,Don Breaux,Gregg Williams
WSH,Washington,2005,Joe Gibbs,Don Breaux
WSH,Washington,2005,Joe Gibbs,Gregg Williams
WSH,Washington,2004,Don Breaux,Gregg Williams
WSH,Washington,2004,Joe Gibbs,Don Breaux
WSH,Washington,2004,Joe Gibbs,Gregg Williams
WSH,Washington,2003,Hue Jackson,George Edwards
WSH,Washington,2003,Steve Spurrier,George Edwards
WSH,Washington,2003,Steve Spurrier,Hue Jackson
WSH,Washington,2002,Steve Spurrier,Marvin Lewis
WSH,Washington,2001,Jimmy Raye,Kurt Schottenheimer
WSH,Washington,2001,Marty Schottenheimer,Jimmy Raye
WSH,Washington,2001,Marty Schottenheimer,Kurt Schottenheimer
WSH,Washington,2000,Norv Turner,Ray Rhodes
WSH,Washington,2000,Terry Robiskie,Ray Rhodes
